tenure_months,monthly_charges,total_charges,churn_value,internet_service_Fiber optic,internet_service_No,contract_one_year,contract_Two year,payment_method_Credit card (automatic),payment_method_Electronic check,payment_method_Mailed check,upsell_probability,upsell_prediction,upsell_priority,customerid
42,25.25,1108.2,0,0,1,0,1,0,1,0,0,0,Low,8098-TDCBU
43,44.15,1931.3,0,0,0,1,0,0,1,0,0,0,Low,9388-ZEYVT
27,89.2,2383.6,0,1,0,0,0,0,1,0,0,0,Low,1818-ESQMW
65,19.55,1218.65,0,0,1,0,1,1,0,0,0,0,Low,7941-RCJOW
29,71,2080.1,0,0,0,1,0,1,0,0,0.035714286,0,Low,2065-MMKGR
32,20.5,696.8,0,0,1,0,1,0,0,1,0,0,Low,7321-KKSDU
71,25,1753,0,0,1,0,1,0,0,0,0,0,Low,9153-BTBVV
19,20.25,383.65,0,0,1,1,0,1,0,0,0,0,Low,1178-PZGAB
33,59.4,1952.8,0,0,0,1,0,0,1,0,0,0,Low,8383-SGHJU
3,85.8,272.2,1,1,0,0,0,0,1,0,0,0,Low,0378-TOVMS
11,20.05,237.7,0,0,1,1,0,1,0,0,0,0,Low,9442-JTWDL
1,35.75,35.75,1,0,0,0,0,0,1,0,0,0,Low,5378-IKEEG
32,91.35,2896.55,0,1,0,0,0,0,0,1,0.754545455,1,High,9904-EHEVJ
54,59.8,3246.45,0,0,0,0,1,0,0,0,0,0,Low,8510-TMWYB
72,64.8,4719.75,0,0,0,0,1,1,0,0,0,0,Low,5275-PMFUT
26,44.65,1156.55,0,0,0,0,0,0,0,0,0,0,Low,4524-QCSSM
43,25.7,1188.2,0,0,1,0,1,1,0,0,0,0,Low,7799-LGRDP
40,104.8,4131.95,1,1,0,0,0,0,0,0,0,0,Low,9412-GHEEC
72,77.35,5396.25,0,0,0,0,1,1,0,0,1,1,High,5329-KRDTM
1,20.2,20.2,0,0,1,0,0,0,0,1,0,0,Low,6380-ARCEH
1,25.1,25.1,1,0,0,0,0,0,0,1,0,0,Low,6032-IGALN
23,84.4,1936.85,0,1,0,0,0,0,0,1,0,0,Low,7299-GNVPL
64,92.85,5980.75,0,1,0,1,0,0,1,0,1,1,High,5312-IRCFR
7,73.6,520,1,1,0,0,0,0,1,0,0,0,Low,1196-AMORA
37,80.05,3019.1,0,1,0,1,0,0,1,0,0.754545455,1,High,2402-TAIRZ
67,26.1,1759.55,0,0,1,0,1,0,0,1,0,0,Low,1240-HCBOH
23,19.5,470.2,0,0,1,0,0,0,0,1,0,0,Low,9391-TTOYH
1,78.65,78.65,1,1,0,0,0,0,1,0,0,0,Low,8945-GRKHX
11,84.8,888.75,0,1,0,0,0,0,1,0,0,0,Low,0315-LVCRK
10,98.7,973.25,1,1,0,0,0,0,1,0,0,0,Low,9172-ANCRX
45,42.3,1840.75,0,0,0,1,0,0,0,0,0,0,Low,7795-CFOCW
70,104.3,7188.5,0,1,0,0,1,0,0,0,1,1,High,7208-PSIHR
42,56.1,2386.85,0,0,0,1,0,1,0,0,0.16091954,0,Low,7995-ZHHNZ
34,56.25,1765.95,0,0,0,0,0,0,1,0,0,0,Low,9522-BNTHX
32,64.85,2010.95,0,0,0,1,0,0,0,0,0,0,Low,0484-FFVBJ
24,20.1,533.9,0,0,1,1,0,0,0,1,0,0,Low,5474-LAMUQ
12,19.2,239,0,0,1,0,0,0,1,0,0,0,Low,9837-FWLCH
67,19.8,1311.3,0,0,1,0,1,0,0,1,0,0,Low,7167-PCEYD
3,95.1,307.4,1,1,0,0,0,0,1,0,0,0,Low,9944-HKVVB
44,50.15,2139.1,0,0,0,0,0,0,0,1,0.16091954,0,Low,0440-QEXBZ
61,89.2,5500.6,0,1,0,0,0,0,0,1,1,1,High,7251-XFOIL
42,20.25,854.9,0,0,1,1,0,0,0,1,0,0,Low,4518-FZBSX
72,85.95,6151.9,0,0,0,0,1,0,0,0,1,1,High,9339-FIIJL
1,44.4,44.4,1,0,0,0,0,0,1,0,0,0,Low,4361-JEIVL
49,19.45,921.3,0,0,1,1,0,1,0,0,0,0,Low,2821-WARNZ
5,49.2,216.9,1,0,0,0,0,0,1,0,0,0,Low,6633-MPWBS
41,80.25,3439,0,1,0,0,0,0,1,0,1,1,High,3481-JHUZH
24,104.65,2542.45,1,1,0,0,0,0,1,0,0,0,Low,8625-AZYZY
1,20,20,1,0,1,0,0,0,0,1,0,0,Low,4877-EVATK
2,88.55,179.25,1,1,0,0,0,0,1,0,0,0,Low,4695-WJZUE
38,104.85,3887.25,0,1,0,1,0,0,1,0,1,1,High,6807-SIWJI
5,19.85,108.05,1,0,1,0,0,1,0,0,0,0,Low,4140-WJAWW
30,19.65,655.85,1,0,1,0,0,0,0,0,0,0,Low,1577-HKTFG
50,105.95,5341.8,1,1,0,0,0,1,0,0,0,0,Low,1228-FZFRV
7,74.9,541.15,1,1,0,0,0,0,1,0,0,0,Low,6711-FLDFB
9,19.5,150.35,0,0,1,0,0,0,0,0,0,0,Low,7727-SHVZV
23,91.1,2198.3,0,0,0,0,1,1,0,0,0,0,Low,5982-PSMKW
64,90.6,5817.45,0,0,0,0,1,0,0,1,1,1,High,1897-OKVMW
52,20.4,1090.65,0,0,1,1,0,0,1,0,0,0,Low,0731-EBJQB
10,86.45,830.85,1,1,0,0,0,0,1,0,0,0,Low,8861-HGGKB
13,74.65,966.25,0,1,0,1,0,0,0,1,0,0,Low,6599-GZWCM
52,64.3,3410.6,0,0,0,1,0,0,0,1,0,0,Low,8777-PVYGU
13,70.45,849.1,0,1,0,0,0,0,0,0,0,0,Low,6078-VESFR
59,51.7,3005.8,0,0,0,0,0,0,1,0,0,0,Low,9501-UKKNL
39,53.85,2200.7,0,0,0,0,1,1,0,0,0.16091954,0,Low,1271-UODNO
20,82.4,1592.35,1,1,0,0,0,0,1,0,0,0,Low,0867-MKZVY
1,19.55,19.55,1,0,1,0,0,0,0,1,0,0,Low,1029-QFBEN
71,20.85,1539.75,0,0,1,1,0,0,1,0,0,0,Low,5324-KTGCG
13,70.15,931.75,0,1,0,0,0,0,1,0,0,0,Low,9506-UXUSK
52,61.35,3169.55,0,0,0,0,0,0,0,0,0,0,Low,1702-CCFNJ
24,60.45,1440.75,0,0,0,0,0,0,0,0,0,0,Low,6620-HVDUJ
45,99.7,4634.35,0,1,0,0,1,0,0,0,1,1,High,4713-ZBURT
38,54.5,2076.05,0,0,0,0,0,0,1,0,0.035714286,0,Low,9555-SAHUZ
19,89.65,1761.05,1,1,0,0,0,0,0,1,0,0,Low,5922-ABDVO
66,85.25,5538.35,0,0,0,0,1,0,1,0,1,1,High,0455-ENTCR
68,89.95,5974.3,0,1,0,0,1,0,0,0,1,1,High,7691-XVTZH
35,75.2,2576.2,1,1,0,0,0,0,1,0,0,0,Low,9821-POOTN
3,74.55,233.65,0,1,0,0,0,0,1,0,0,0,Low,2325-NBPZG
1,54.65,54.65,0,0,0,0,0,0,1,0,0,0,Low,0674-EYYZV
33,104.4,3409.6,1,1,0,0,0,0,1,0,0,0,Low,5219-YIPTK
34,73.95,2524.45,1,1,0,0,0,1,0,0,0,0,Low,6599-CEBNN
38,20.3,749.35,0,0,1,1,0,0,0,1,0,0,Low,8590-OHDIW
70,113.65,7939.25,0,1,0,0,1,0,0,0,1,1,High,2368-GAKKQ
19,95.9,1777.9,1,1,0,0,0,1,0,0,0,0,Low,9190-MFJLN
33,24.9,847.8,0,0,1,1,0,0,0,0,0,0,Low,6551-ZCOTS
47,83.35,4065,1,1,0,0,0,0,0,0,0,0,Low,6173-ITPWD
51,79.15,4018.55,0,1,0,0,0,0,0,0,1,1,High,3128-YOVTD
70,80.7,5617.95,0,0,0,0,1,0,1,0,1,1,High,6439-PKTRR
65,25.1,1725,0,0,1,0,1,0,0,0,0,0,Low,5666-MBJPT
53,111.8,5809.75,0,1,0,1,0,0,0,0,1,1,High,7409-JURKQ
56,99.8,5515.45,0,1,0,1,0,1,0,0,1,1,High,1091-SOZGA
20,61.6,1174.35,1,0,0,0,0,0,0,1,0,0,Low,7000-WCEVQ
59,113.75,6561.25,0,1,0,0,1,0,1,0,1,1,High,7663-CUXZB
72,25.4,1710.9,0,0,1,0,1,0,0,1,0,0,Low,4312-KFRXN
19,106.6,1934.45,1,1,0,0,0,0,1,0,0,0,Low,7825-ECJRF
1,73.55,73.55,1,1,0,0,0,0,1,0,0,0,Low,6513-EECDB
43,51.25,2151.6,0,0,0,1,0,0,0,0,0.16091954,0,Low,6682-VCIXC
32,85,2642.05,1,1,0,0,0,0,1,0,0,0,Low,9606-PBKBQ
12,74.05,872.65,1,0,0,1,0,0,0,1,0,0,Low,9033-EOXWV
63,25.25,1559.3,0,0,1,0,1,0,0,1,0,0,Low,9953-ZMKSM
41,20.45,775.6,0,0,1,0,0,0,1,0,0,0,Low,5546-BYZSM
37,90,3371.75,0,1,0,0,0,0,1,0,1,1,High,2207-QPJED
59,82.95,4903.15,0,1,0,1,0,1,0,0,1,1,High,8406-LNMHF
1,80.15,80.15,1,1,0,0,0,1,0,0,0,0,Low,6086-ESGRL
36,19.55,620.75,0,0,1,1,0,0,0,1,0,0,Low,3486-NPGST
2,55.3,108.65,0,0,0,0,0,0,1,0,0,0,Low,8903-XEBGX
7,94.25,669,1,1,0,0,0,0,1,0,0,0,Low,2645-QTLMB
42,74.15,3229.4,1,1,0,0,0,1,0,0,0,0,Low,3714-JTVOV
14,80.35,1058.1,0,1,0,0,0,0,0,0,0,0,Low,5599-HVLTW
72,98.35,6929.4,0,1,0,0,1,0,0,0,1,1,High,5663-QBGIS
7,48.2,340.35,0,0,0,0,0,0,1,0,0,0,Low,0015-UOCOJ
15,20.45,330.8,0,0,1,0,0,1,0,0,0,0,Low,7998-ZLXWN
2,79.75,164.5,1,1,0,0,0,0,1,0,0,0,Low,1981-INRFU
7,69.95,529.5,1,1,0,0,0,0,0,0,0,0,Low,3799-ISUZQ
1,43.85,43.85,0,0,0,0,0,0,0,0,0,0,Low,6650-VJONK
67,65.65,4322.85,0,0,0,0,1,0,0,1,0,0,Low,4102-HLENU
1,45.1,45.1,1,0,0,0,0,0,0,1,0,0,Low,4193-ORFCL
48,106.1,5082.8,1,1,0,1,0,1,0,0,0,0,Low,1899-VXWXM
53,98.6,5311.85,0,1,0,1,0,0,0,1,1,1,High,9770-KXGQU
67,102.95,6886.25,1,1,0,0,0,1,0,0,0,0,Low,0639-TSIQW
2,96,174.8,1,1,0,0,0,0,1,0,0,0,Low,3158-MOERK
1,45.15,45.15,0,0,0,0,0,0,0,1,0,0,Low,7252-NTGSS
68,19.6,1441.65,0,0,1,0,1,1,0,0,0,0,Low,3274-NSDWE
66,19.35,1240.8,0,0,1,0,1,0,0,0,0,0,Low,1302-TPUBN
48,108.1,5067.45,0,1,0,0,1,0,0,0,1,1,High,6583-SZVGP
21,96.8,2030.3,1,1,0,0,0,0,0,0,0,0,Low,9961-JBNMK
9,84.45,762.5,1,1,0,0,0,0,1,0,0,0,Low,8058-JMEQO
47,95.05,4504.55,1,1,0,0,0,0,1,0,0,0,Low,1095-JUDTC
14,89.65,1208.35,1,1,0,0,0,1,0,0,0,0,Low,1670-SVOWZ
54,70.7,3770,0,0,0,1,0,0,1,0,1,1,High,4906-ZHGPK
21,80.35,1747.2,0,1,0,0,0,0,1,0,0,0,Low,7964-VEXDG
1,91.7,91.7,1,1,0,0,0,0,1,0,0,0,Low,3186-BAXNB
33,58.45,1955.4,0,0,0,1,0,0,0,1,0,0,Low,5844-QVTAT
69,66.9,4577.9,0,0,0,0,1,0,0,1,0,0,Low,8990-YOZLV
46,91.3,4126.35,0,1,0,1,0,0,0,0,1,1,High,1707-HABPF
36,20.25,717.95,0,0,1,0,1,0,0,0,0,0,Low,2642-MAWLJ
36,55.8,1941.5,0,0,0,1,0,0,1,0,0,0,Low,6784-XYJAE
66,100.8,6690.75,0,1,0,0,0,0,1,0,1,1,High,1013-QCWAM
17,93.85,1625.65,1,1,0,0,0,0,1,0,0,0,Low,2719-BDAQO
20,44.35,927.15,0,0,0,0,0,0,1,0,0,0,Low,3808-HFKDE
35,99.05,3395.8,1,1,0,0,0,0,1,0,0,0,Low,7028-DVOIQ
2,87.15,183.75,1,1,0,0,0,0,0,0,0,0,Low,5318-IXUZF
69,105.2,7386.05,0,1,0,1,0,0,0,0,1,1,High,5440-VHLUL
33,20.15,682.15,0,0,1,1,0,0,0,1,0,0,Low,5519-TEEUH
23,20.9,454,0,0,1,0,1,0,0,1,0,0,Low,6923-AQONU
72,114.55,8306.05,0,1,0,0,1,0,0,0,1,1,High,8207-DMRVL
40,50.15,2058.5,0,0,0,0,0,0,0,1,0.035714286,0,Low,3391-JSQEW
26,35.4,978.6,0,0,0,1,0,1,0,0,0,0,Low,5701-GUXDC
4,18.85,84.2,0,0,1,0,0,0,0,1,0,0,Low,0620-XEFWH
71,90.35,6325.25,0,0,0,0,1,0,1,0,1,1,High,5248-KWLAR
5,80.6,415.55,1,1,0,0,0,0,1,0,0,0,Low,7563-BIUPC
7,64.3,445.95,0,0,0,0,0,0,0,0,0,0,Low,7319-VENRZ
9,55.3,501.2,0,0,0,0,0,0,0,1,0,0,Low,3173-NVMPX
30,68.95,2038.7,0,0,0,1,0,1,0,0,0,0,Low,2925-MXLSX
70,115.65,7968.85,1,1,0,1,0,1,0,0,0,0,Low,1444-VVSGW
1,35.25,35.25,1,0,0,0,0,0,0,0,0,0,Low,1740-CSDJP
9,86.25,770.5,0,1,0,0,0,0,1,0,0,0,Low,3914-FDRHP
1,45.85,45.85,1,0,0,0,0,0,0,1,0,0,Low,3165-HDOEW
1,20.05,20.05,0,0,1,0,0,0,0,1,0,0,Low,2812-SFXMJ
57,59.3,3274.35,0,0,0,1,0,0,0,1,0,0,Low,7153-CHRBV
63,96,6109.75,0,1,0,1,0,0,1,0,1,1,High,6728-VOIFY
1,24.8,24.8,1,0,0,0,0,0,1,0,0,0,Low,7932-WPTDS
12,60.65,743.3,0,0,0,1,0,0,1,0,0,0,Low,7750-EYXWZ
71,47.6,3377.8,0,0,0,0,1,0,0,0,0,0,Low,4872-JCVCA
2,71.3,157.75,0,1,0,0,0,1,0,0,0,0,Low,4450-DLLMH
17,62.1,1096.65,0,0,0,1,0,0,0,1,0,0,Low,1536-YHDOE
72,84.7,5893.9,0,0,0,0,1,1,0,0,1,1,High,3262-EIDHV
1,69.4,69.4,1,1,0,0,0,0,0,1,0,0,Low,7908-QCBCA
54,104.1,5645.8,0,1,0,0,0,0,0,0,1,1,High,6353-BRMMA
10,79.85,887.35,0,1,0,0,0,0,0,1,0,0,Low,7410-OIEDU
9,74.75,706.6,1,1,0,0,0,0,1,0,0,0,Low,4282-YMKNA
20,91,1859.5,0,1,0,1,0,0,0,0,0,0,Low,4619-EVPHY
68,103.25,7074.4,0,1,0,0,1,1,0,0,1,1,High,9625-QNLUX
9,48.75,442.2,1,0,0,0,0,0,1,0,0,0,Low,7240-ETPTR
29,19.55,521.8,0,0,1,0,1,0,0,1,0,0,Low,0559-CKHUS
61,93.7,5860.7,0,1,0,1,0,0,0,0,1,1,High,3214-IYUUQ
53,108.25,5935.1,0,1,0,0,0,0,0,0,1,1,High,1074-AMIOH
4,19.6,93.45,0,0,1,0,0,0,0,1,0,0,Low,5702-SKUOB
54,61,3283.05,0,0,0,1,0,0,1,0,0,0,Low,4636-OLWOE
71,77.35,5550.1,0,0,0,0,1,1,0,0,1,1,High,3429-IFLEM
57,69.75,3894.4,0,0,0,0,1,0,0,1,0,0,Low,0602-DDUML
50,101.9,5265.5,0,1,0,1,0,0,0,0,1,1,High,4676-MQUEA
1,79.65,79.65,1,1,0,0,0,0,1,0,0,0,Low,8058-INTPH
68,85.5,5696.6,0,1,0,1,0,0,0,0,1,1,High,3301-VKTGC
72,83.3,6042.7,0,0,0,0,1,0,0,0,1,1,High,4827-DPADN
28,18.25,534.7,0,0,1,1,0,1,0,0,0,0,Low,6823-SIDFQ
43,100,4211.55,1,1,0,1,0,0,1,0,0,0,Low,7486-KSRVI
1,19.9,19.9,0,0,1,0,0,0,0,0,0,0,Low,2654-VBVPB
31,80.45,2429.1,0,1,0,0,0,0,1,0,0.754545455,1,High,8819-IMISP
28,60,1682.05,0,0,0,1,0,1,0,0,0,0,Low,3275-RHRNE
3,46.1,130.15,0,0,0,0,0,0,0,1,0,0,Low,2637-FKFSY
4,20.7,83.75,0,0,1,0,0,1,0,0,0,0,Low,7976-CICYS
57,100.75,5985,0,1,0,1,0,1,0,0,1,1,High,2293-IJWPS
5,30.5,167.2,0,0,0,0,0,0,1,0,0,0,Low,6637-KYRCV
14,78.95,1101.85,1,1,0,0,0,0,1,0,0,0,Low,1965-AKTSX
1,79.1,79.1,1,1,0,0,0,0,1,0,0,0,Low,8580-AECUZ
11,73.5,791.75,1,1,0,0,0,0,1,0,0,0,Low,5108-ADXWO
42,78.45,3373.4,0,0,0,0,1,1,0,0,1,1,High,8434-PNQZX
4,74.9,321.75,1,1,0,0,0,0,1,0,0,0,Low,0722-TROQR
22,56.25,1292.2,0,0,0,1,0,1,0,0,0,0,Low,0661-WCQNQ
3,75.3,244.1,0,0,0,0,0,0,1,0,0,0,Low,5122-CYFXA
2,76.4,151.8,1,1,0,0,0,0,1,0,0,0,Low,7598-UAASY
45,81.4,3775.85,0,1,0,0,0,0,0,0,1,1,High,2826-UWHIS
59,65.5,3801.3,0,0,0,1,0,0,0,1,0,0,Low,2581-VKIRT
51,83.85,4307.1,0,0,0,0,1,1,0,0,1,1,High,3720-DBRWL
72,107.45,7576.7,0,1,0,0,1,0,0,1,1,1,High,4056-QHXHZ
10,24.5,270.15,0,0,1,0,0,0,0,1,0,0,Low,5018-HEKFO
2,86.25,181.65,1,1,0,0,0,0,1,0,0,0,Low,0133-BMFZO
13,30.15,382.2,0,0,0,0,0,0,1,0,0,0,Low,0811-GSDTP
37,19.8,726.1,0,0,1,0,1,0,0,0,0,0,Low,7696-CFTAT
63,75.7,4676.7,0,0,0,0,1,0,0,1,1,1,High,3902-MIVLE
55,90.4,5099.15,0,1,0,0,0,1,0,0,1,1,High,7449-HVPIV
1,20.35,20.35,0,0,1,0,0,0,0,1,0,0,Low,4634-JLRJT
3,55.9,157.55,0,0,0,0,0,0,0,1,0,0,Low,8963-JLGJT
64,66.15,4392.5,0,0,0,1,0,1,0,0,0,0,Low,4942-VZZOM
71,24.65,1710.15,0,0,1,0,1,0,0,0,0,0,Low,4565-NLZBV
46,104.4,4904.2,0,1,0,0,1,0,0,0,1,1,High,6603-QWSPR
32,104.9,3351.55,1,1,0,0,0,0,1,0,0,0,Low,3001-CBHLQ
50,20.15,989.05,0,0,1,1,0,1,0,0,0,0,Low,9602-WCXPI
25,69.75,1729.35,0,1,0,0,0,0,1,0,0,0,Low,7504-UWHNB
33,70.4,2406.1,0,1,0,0,0,0,0,0,0.16091954,0,Low,4067-HLYQI
32,85.3,2661.1,1,1,0,0,0,0,1,0,0,0,Low,3536-IQCTX
16,86.25,1340.1,0,1,0,0,0,0,1,0,0,0,Low,5989-PGKJB
30,90.4,2820.65,0,1,0,1,0,0,0,0,0.754545455,1,High,8496-DMZUK
2,70.7,140.7,1,1,0,0,0,1,0,0,0,0,Low,5028-GZLDO
46,19.4,967.85,0,0,1,0,1,0,0,1,0,0,Low,0386-CWRGM
38,83.45,3147.15,0,1,0,0,0,0,1,0,1,1,High,2921-XWDJH
5,55.8,300.4,0,0,0,0,0,1,0,0,0,0,Low,4324-AHJKS
1,44,44,0,0,0,0,0,0,0,1,0,0,Low,9214-EKVXR
2,20.4,42.9,0,0,1,0,0,0,0,1,0,0,Low,2410-CIYFZ
8,100.6,819.4,1,1,0,0,0,0,1,0,0,0,Low,4822-RVYBB
15,85.9,1269.55,1,1,0,0,0,0,0,0,0,0,Low,2189-WWOEW
49,78,3824.2,0,0,0,1,0,1,0,0,1,1,High,7696-AMHOD
22,88.75,1885.15,0,1,0,0,0,0,1,0,0,0,Low,9054-FOWNV
38,101.15,3741.85,0,1,0,0,0,0,1,0,1,1,High,3167-SNQPL
51,111.5,5703.25,0,1,0,1,0,0,1,0,1,1,High,7245-JMTTQ
2,60.95,134.6,0,0,0,0,0,0,0,0,0,0,Low,3090-LETTY
10,18.85,163.2,0,0,1,0,0,0,0,1,0,0,Low,5863-OOKCL
4,35,135.75,0,0,0,0,0,0,0,1,0,0,Low,7075-BNDVQ
57,65.2,3687.85,0,0,0,0,0,0,0,0,0,0,Low,4981-FLTMF
1,20.5,20.5,1,0,1,0,0,0,0,1,0,0,Low,2002-MZHWP
3,75.05,202.9,0,1,0,0,0,0,0,1,0,0,Low,3966-HRMZA
65,91.55,5963.95,0,0,0,0,1,0,0,0,1,1,High,3227-WLKLI
70,88,5986.45,0,1,0,0,1,1,0,0,1,1,High,4178-EGMON
10,75.3,720.45,0,1,0,0,0,0,1,0,0,0,Low,9518-XXBXE
3,50.5,147.75,0,0,0,0,0,0,0,1,0,0,Low,1763-WQFUK
19,88.2,1775.8,1,1,0,0,0,0,1,0,0,0,Low,3254-YRILK
47,74.05,3496.3,0,0,0,0,1,0,0,1,1,1,High,3557-HTYWR
47,107.35,5118.95,1,1,0,0,0,0,0,0,0,0,Low,4566-GOLUK
28,100.35,2799,0,1,0,1,0,0,0,0,0.754545455,1,High,0516-OOHAR
62,81,4985.9,0,0,0,0,1,0,0,1,1,1,High,6418-PIQSP
55,100.9,5448.6,0,1,0,1,0,0,0,1,1,1,High,2696-ECXKC
40,24.6,973.95,0,0,1,0,1,0,0,1,0,0,Low,4526-EXKKN
4,20.4,84.75,0,0,1,1,0,0,0,1,0,0,Low,2495-TTHBQ
12,94.2,1046.1,1,1,0,0,0,0,1,0,0,0,Low,5519-NPHVG
9,95.5,829.1,1,1,0,0,0,0,1,0,0,0,Low,0564-JJHGS
17,79.85,1387.35,0,0,0,1,0,1,0,0,0,0,Low,7049-GKVZY
5,96.25,512.45,1,1,0,0,0,0,1,0,0,0,Low,7548-SEPYI
72,101.3,7261.25,0,1,0,0,1,0,0,0,1,1,High,0019-EFAEP
15,24.8,324.15,0,0,1,0,0,0,1,0,0,0,Low,9578-FOMUK
72,23.55,1723.95,0,0,1,0,1,0,0,0,0,0,Low,6734-PSBAW
35,20.6,754,0,0,1,1,0,0,0,0,0,0,Low,8884-FEEWR
23,20.45,481.1,0,0,1,1,0,0,0,1,0,0,Low,1682-VCOIO
66,80.45,5224.35,1,1,0,0,0,1,0,0,0,0,Low,8444-WRIDW
22,25.25,566.5,0,0,1,0,1,0,0,1,0,0,Low,6518-KZXCB
65,109.05,7108.2,0,1,0,0,1,0,1,0,1,1,High,2307-FYNNL
47,113.45,5317.8,0,1,0,1,0,0,0,0,1,1,High,9746-MDMBK
43,103,4414.3,1,1,0,0,0,0,1,0,0,0,Low,7142-HVGBG
46,80,3769.7,0,1,0,0,0,0,0,0,1,1,High,7356-IWLFW
22,89.75,1938.9,0,1,0,0,0,0,0,0,0,0,Low,1754-GKYPY
64,24.05,1559.15,0,0,1,0,1,0,0,1,0,0,Low,7503-EPSZW
43,75.35,3161.4,0,1,0,0,0,1,0,0,1,1,High,2842-BCQGE
42,94.2,4186.3,1,1,0,0,0,0,1,0,0,0,Low,8708-XPXHZ
14,69.65,921.4,0,0,0,0,0,0,1,0,0,0,Low,7798-JVXYM
1,69.85,69.85,1,1,0,0,0,0,1,0,0,0,Low,5550-VFRLC
47,96.1,4391.45,0,1,0,1,0,0,1,0,1,1,High,5014-WUQMG
13,31.05,347.25,1,0,0,0,0,0,1,0,0,0,Low,8718-PTMEZ
55,113.6,6292.7,0,1,0,0,1,0,1,0,1,1,High,7740-BTPUX
72,79.05,5730.7,0,1,0,0,1,0,0,0,1,1,High,7564-GHCVB
46,74.8,3548.3,0,1,0,0,0,1,0,0,1,1,High,6572-ADKRS
71,23.9,1626.4,0,0,1,0,1,1,0,0,0,0,Low,0562-HKHML
1,75.05,75.05,1,1,0,0,0,0,0,1,0,0,Low,3276-HDUEG
52,108.1,5839.3,0,1,0,0,0,1,0,0,1,1,High,3657-COGMW
33,109.9,3694.7,0,1,0,0,0,0,0,0,1,1,High,0177-PXBAT
63,86.7,5309.5,0,0,0,0,1,0,0,0,1,1,High,4006-HKYHO
72,112.25,8041.65,0,1,0,0,1,0,0,0,1,1,High,7255-SSFBC
72,88.7,6301.7,0,0,0,0,1,1,0,0,1,1,High,6701-YVNQG
68,39.9,2796.35,0,0,0,0,0,0,0,0,0,0,Low,3893-JRNFS
19,56.1,1033.9,0,0,0,0,0,0,0,1,0,0,Low,5939-XAIXZ
1,44,44,0,0,0,0,0,0,1,0,0,0,Low,5522-JBWMO
68,24.55,1657.4,0,0,1,0,1,0,0,1,0,0,Low,6484-LATFU
21,69.1,1474.75,1,1,0,0,0,0,1,0,0,0,Low,3398-ZOUAA
28,100.2,2688.45,0,1,0,1,0,0,1,0,0.754545455,1,High,7272-QDCKA
72,63.1,4685.55,0,0,0,0,1,0,0,0,0,0,Low,2274-XUATA
18,19,348.8,0,0,1,0,0,0,1,0,0,0,Low,2023-VQFDL
20,81.45,1671.6,0,1,0,0,0,0,1,0,0,0,Low,4612-SSVHJ
1,79.6,79.6,1,1,0,0,0,0,1,0,0,0,Low,7594-RQHXR
3,45.35,141.5,1,0,0,0,0,0,1,0,0,0,Low,1589-AGTLK
47,73.6,3522.65,0,0,0,0,1,0,1,0,1,1,High,8313-AFGBW
53,61.1,3357.9,0,0,0,1,0,0,1,0,0,0,Low,7470-DYNOE
6,94.5,575.45,1,1,0,0,0,0,0,1,0,0,Low,6101-IMRMM
6,20.1,100.35,0,0,1,0,1,0,0,1,0,0,Low,2587-YNLES
72,105.5,7611.55,0,1,0,0,1,0,0,0,1,1,High,1090-ESELR
65,107.65,7082.85,0,1,0,0,1,0,0,0,1,1,High,3096-YXENJ
22,59,1254.7,1,0,0,0,0,0,1,0,0,0,Low,7854-EDSSA
14,59.8,824.85,0,0,0,0,0,1,0,0,0,0,Low,9481-SFCQY
7,70.75,450.8,1,0,0,0,0,1,0,0,0,0,Low,9210-IAHGH
2,19.85,51.6,0,0,1,0,0,0,0,1,0,0,Low,8150-QUDFX
19,95.15,1789.25,1,1,0,0,0,0,1,0,0,0,Low,4659-NZRUF
55,79.4,4238.45,0,1,0,0,0,0,1,0,1,1,High,7148-XZPHA
4,45.65,191.05,1,0,0,0,0,0,0,1,0,0,Low,3859-CVCET
34,78.3,2564.3,1,1,0,0,0,0,1,0,0,0,Low,1689-MRZQR
41,40.35,1677.85,0,0,0,0,0,0,1,0,0,0,Low,8807-ARQET
4,74.8,321.9,1,1,0,0,0,0,0,0,0,0,Low,2984-MIIZL
1,61.15,61.15,0,0,0,0,0,0,1,0,0,0,Low,1928-BXYIV
60,80.95,4859.1,0,1,0,0,0,0,1,0,1,1,High,7426-WEIJX
6,50.35,314.55,0,0,0,0,0,0,1,0,0,0,Low,0096-BXERS
13,59.9,788.35,0,0,0,0,0,0,1,0,0,0,Low,2931-FSOHN
69,110.25,7467.55,0,1,0,0,1,1,0,0,1,1,High,4627-MIHJH
55,58.6,3068.6,0,0,0,0,1,0,1,0,0,0,Low,6504-VBLFL
66,54.8,3465.7,0,0,0,1,0,0,0,1,0,0,Low,2430-RRYUW
9,95.9,827.45,0,1,0,0,0,0,0,0,0,0,Low,7426-RHZGU
29,20,599.3,0,0,1,1,0,0,0,1,0,0,Low,4716-MRVEN
69,39.1,2779.5,0,0,0,0,1,0,0,1,0,0,Low,8882-TLVRW
52,25.75,1345.85,0,0,1,0,1,0,0,1,0,0,Low,8532-UEFWH
1,69.95,69.95,1,1,0,0,0,0,1,0,0,0,Low,7153-OANIO
54,110.45,6077.75,0,1,0,0,1,0,1,0,1,1,High,1409-PHXTF
71,19.85,1326.35,0,0,1,0,1,0,0,0,0,0,Low,4817-KEQSP
14,86.3,1180.95,1,1,0,0,0,0,1,0,0,0,Low,8337-MSSXB
7,53.65,404.35,0,0,0,0,0,0,1,0,0,0,Low,6135-OZQVA
9,44.95,431,1,0,0,0,0,0,0,1,0,0,Low,3030-YZADT
47,20.55,945.7,0,0,1,0,1,0,0,1,0,0,Low,5176-LMJXE
72,92.3,6719.9,0,0,0,0,1,1,0,0,1,1,High,3967-KXAPS
18,19.8,342.3,0,0,1,1,0,0,0,0,0,0,Low,4685-TFLLS
11,20.35,215.25,0,0,1,0,0,0,0,1,0,0,Low,9932-WBWIK
46,19.95,907.05,0,0,1,0,1,0,1,0,0,0,Low,5310-NOOVA
43,60.4,2640.55,0,0,0,1,0,1,0,0,0,0,Low,3441-CGZJH
72,109.75,8075.35,0,1,0,0,1,0,0,1,1,1,High,9866-OCCKE
36,106.05,3834.4,0,1,0,0,1,1,0,0,1,1,High,1621-YNCJH
9,81.15,784.45,0,1,0,0,0,0,1,0,0,0,Low,4299-SIMNS
28,92.35,2602.9,1,1,0,0,0,0,0,1,0,0,Low,3348-CFRNX
1,80.55,80.55,1,1,0,0,0,0,1,0,0,0,Low,0318-QUUOB
67,24.65,1620.45,0,0,1,0,1,0,0,0,0,0,Low,6857-TKDJV
38,20.45,781.25,0,0,1,0,0,0,0,1,0,0,Low,9184-GALIL
2,76.4,160.8,1,0,0,0,0,0,1,0,0,0,Low,1597-FZREH
71,25.95,1801.9,0,0,1,0,1,1,0,0,0,0,Low,2961-VNFKL
67,90.6,6056.15,1,1,0,1,0,1,0,0,0,0,Low,6481-OGDOO
33,19.8,641.35,0,0,1,0,1,1,0,0,0,0,Low,2729-VNVAP
24,74.8,1821.2,0,0,0,1,0,0,0,1,0,0,Low,6778-EICRF
18,89.6,1633,0,1,0,1,0,1,0,0,0,0,Low,2432-TFSMK
12,59.8,727.8,1,0,0,1,0,0,1,0,0,0,Low,1699-HPSBG
38,80.3,3058.65,1,0,0,1,0,1,0,0,0,0,Low,2321-OMBXY
37,72.25,2575.45,0,1,0,0,0,0,0,0,0.754545455,1,High,9819-FBNSV
45,93.9,4200.25,0,1,0,0,0,0,0,0,1,1,High,1608-GMEWB
72,115.55,8312.4,0,1,0,0,1,1,0,0,1,1,High,2121-JAFOM
4,60.4,272.15,1,0,0,0,0,0,0,1,0,0,Low,5482-NUPNA
2,85.65,181.5,1,1,0,0,0,0,1,0,0,0,Low,0259-GBZSH
24,49.55,1210.4,1,0,0,0,0,0,0,0,0,0,Low,3948-XHGNA
4,80.8,332.45,1,1,0,0,0,1,0,0,0,0,Low,2951-QOQTK
37,75.1,2658.8,0,0,0,1,0,0,0,0,0.754545455,1,High,3026-ATZYV
71,91.25,6589.6,0,0,0,0,1,0,0,1,1,1,High,7579-KKLOE
70,66,4891.5,0,0,0,0,1,0,1,0,0,0,Low,9769-TSBZE
35,94.55,3365.4,0,1,0,0,0,0,1,0,1,1,High,6522-YRBXD
1,19.9,19.9,1,0,1,0,0,0,0,1,0,0,Low,5515-IDEJJ
34,20.1,682.1,0,0,1,1,0,0,0,0,0,0,Low,1776-SPBWV
5,94.85,462.8,1,1,0,0,0,0,0,0,0,0,Low,3387-VATUS
8,19.35,152.6,0,0,1,0,0,0,0,1,0,0,Low,1735-XMJVH
68,25.25,1728.2,0,0,1,0,1,0,0,0,0,0,Low,2072-ZVJJX
1,20.05,20.05,0,0,1,0,0,0,0,1,0,0,Low,8749-CLJXC
37,100.3,3541.4,0,1,0,0,0,1,0,0,1,1,High,5816-QVHRX
5,84.85,415.55,1,1,0,0,0,0,0,1,0,0,Low,6060-DRTNL
39,30.1,1131.3,1,0,0,0,0,1,0,0,0,0,Low,5202-IVJNU
68,60.3,4109,0,0,0,0,1,1,0,0,0,0,Low,8181-YHCMF
11,65.15,723.35,0,0,0,0,0,0,0,0,0,0,Low,0774-IFUVM
49,19,918.7,0,0,1,1,0,1,0,0,0,0,Low,9732-OUYRN
39,55.9,2184.35,1,0,0,0,0,0,1,0,0.16091954,0,Low,2911-UREFD
37,78.9,2976.95,0,0,0,0,0,1,0,0,0.754545455,1,High,3714-XPXBW
51,90.15,4554.85,0,1,0,1,0,0,1,0,1,1,High,9419-IPPBE
67,81.35,5398.6,0,0,0,0,1,1,0,0,1,1,High,0379-DJQHR
56,68.75,3815.4,0,0,0,1,0,0,0,0,0,0,Low,4114-QMKVN
50,20.15,930.9,0,0,1,0,1,0,0,0,0,0,Low,3170-NMYVV
10,56.75,503.25,0,0,0,0,0,0,0,0,0,0,Low,0463-ZSDNT
63,20,1209.25,0,0,1,0,1,1,0,0,0,0,Low,6621-NRZAK
71,82.7,5831.2,0,0,0,0,1,0,0,0,1,1,High,4782-OSFXZ
63,63.55,4014.2,0,0,0,0,1,0,0,1,0,0,Low,9786-YWNHU
39,104.7,4134.85,1,1,0,1,0,1,0,0,0,0,Low,2359-QWQUL
37,19.5,805.2,0,0,1,0,0,0,0,0,0,0,Low,2061-VVFST
6,90.1,521.3,1,1,0,0,0,0,1,0,0,0,Low,8780-IXSTS
28,91.25,2483.65,0,1,0,1,0,0,0,0,0.754545455,1,High,3736-BLEPA
24,79.85,2001,0,1,0,0,0,1,0,0,0,0,Low,7567-ECMCM
54,65.65,3566.7,0,0,0,0,1,1,0,0,0,0,Low,2160-GPFXD
70,98.3,6859.5,1,1,0,0,1,0,0,0,0,0,Low,6797-LNAQX
1,45.3,45.3,1,0,0,0,0,0,0,1,0,0,Low,7065-YUNRY
64,108.95,7111.3,0,1,0,0,0,0,0,0,1,1,High,8495-LJDFO
40,98.15,4116.8,0,1,0,1,0,1,0,0,1,1,High,5996-NRVXR
49,96.2,4718.25,1,1,0,0,0,0,1,0,0,0,Low,5655-JSMZM
3,73.85,196.4,0,1,0,0,0,0,1,0,0,0,Low,4854-CIDCF
48,70.65,3545.05,0,1,0,0,0,0,0,0,1,1,High,1996-DBMUS
50,20.55,1070.25,0,0,1,0,1,1,0,0,0,0,Low,6340-DACFT
69,25.6,1673.4,0,0,1,0,1,0,0,0,0,0,Low,5115-SQAAU
14,44.6,641.25,0,0,0,1,0,0,1,0,0,0,Low,2599-CZABP
46,45.55,2062.15,0,0,0,0,0,0,1,0,0.035714286,0,Low,8671-KKKOS
18,80.55,1406.65,0,1,0,0,0,1,0,0,0,0,Low,2911-WDXMV
60,20.6,1093,0,0,1,0,1,0,0,1,0,0,Low,2525-GVKQU
7,48.8,349.8,0,0,0,0,0,0,1,0,0,0,Low,1355-KUSBG
53,19.75,1052.35,1,0,1,0,1,0,0,0,0,0,Low,0607-DAAHE
12,101.35,1218.55,1,1,0,0,0,0,1,0,0,0,Low,3902-FOIGH
71,87.95,6365.35,0,0,0,0,1,0,0,0,1,1,High,6461-SZMCV
5,24.3,132.25,0,0,1,0,0,0,0,1,0,0,Low,2233-FAGXV
53,62.85,3419.5,0,0,0,1,0,1,0,0,0,0,Low,4632-XJMEX
5,96.55,500.1,0,1,0,0,0,0,1,0,0,0,Low,4566-NECEV
11,58.95,601.6,0,0,0,0,0,0,0,1,0,0,Low,2782-LFZVW
2,49.95,107.1,0,0,0,0,0,0,0,1,0,0,Low,4223-WOZCM
5,55.75,266.95,0,0,0,0,0,0,0,1,0,0,Low,8217-QYOHV
1,40.2,40.2,1,0,0,0,0,0,1,0,0,0,Low,9514-JDSKI
1,50.15,50.15,0,0,0,0,0,0,0,1,0,0,Low,1845-ZLLIG
46,19.25,864.2,0,0,1,0,1,0,0,1,0,0,Low,0206-OYVOC
72,65.65,4664.5,0,0,0,0,1,0,0,0,0,0,Low,5360-XGYAZ
13,75,999.45,1,1,0,0,0,0,0,1,0,0,Low,5899-MQZZL
44,20,860.85,0,0,1,1,0,0,0,0,0,0,Low,1269-FOYWN
19,56.2,1093.4,0,0,0,0,0,0,1,0,0,0,Low,8096-LOIST
17,20.1,279.5,0,0,1,1,0,0,0,1,0,0,Low,2387-KDZQY
66,79.4,5154.6,1,0,0,0,1,1,0,0,0,0,Low,8631-NBHFZ
33,88.6,2888.7,0,1,0,0,0,1,0,0,0.754545455,1,High,5846-QFDFI
14,76.1,1054.8,0,0,0,0,1,0,0,0,0,0,Low,4994-OBRSZ
46,89.15,4245.55,0,1,0,0,0,1,0,0,1,1,High,5575-TPIZQ
4,20.85,62.9,0,0,1,0,0,0,0,1,0,0,Low,7219-TLZHO
66,61.35,4193.4,0,0,0,0,1,0,0,0,0,0,Low,5317-FLPJF
9,79.35,661.25,1,1,0,0,0,0,0,0,0,0,Low,4910-AQFFX
1,79.35,79.35,1,1,0,0,0,0,1,0,0,0,Low,5919-TMRGD
9,77.65,714.15,1,1,0,0,0,0,0,0,0,0,Low,2754-XBHTB
20,20.35,393.15,0,0,1,1,0,0,0,1,0,0,Low,7813-TKCVO
51,96.4,4911.05,0,1,0,1,0,1,0,0,1,1,High,1810-BOHSY
72,24.65,1830.05,0,0,1,0,1,0,0,0,0,0,Low,7115-IRDHS
27,76.1,2093.4,0,1,0,0,0,0,1,0,0.035714286,0,Low,2523-EWWZL
64,94.6,5948.7,0,1,0,0,1,1,0,0,1,1,High,2434-EEVDB
72,100.55,7325.1,0,1,0,0,1,0,0,0,1,1,High,8809-XKHMD
71,99.4,7168.25,0,1,0,0,1,0,1,0,1,1,High,7005-CYUIL
2,20.5,38.25,0,0,1,1,0,0,0,0,0,0,Low,5857-XRECV
35,73.45,2661.1,0,0,0,1,0,0,0,0,0.754545455,1,High,2577-GVSIL
71,116.25,8564.75,0,1,0,0,1,0,1,0,1,1,High,8879-XUAHX
1,69.6,69.6,1,1,0,0,0,0,1,0,0,0,Low,7665-TOALD
18,84.95,1443.65,0,1,0,0,0,0,1,0,0,0,Low,9208-OLGAQ
2,40.4,77.15,1,0,0,0,0,1,0,0,0,0,Low,5673-TIYIB
3,20.2,65.95,0,0,1,0,0,0,1,0,0,0,Low,3744-ZBHON
63,109.25,6841.4,0,1,0,0,1,0,0,0,1,1,High,9488-FYQAU
41,111.15,4507.15,0,1,0,0,1,0,1,0,1,1,High,5514-YQENT
71,105.1,7548.1,1,1,0,0,0,1,0,0,0,0,Low,5287-QWLKY
32,54.2,1739.6,0,0,0,0,0,0,1,0,0,0,Low,5423-BHIXO
71,24.45,1681.6,0,0,1,0,1,1,0,0,0,0,Low,3612-YVGSJ
48,20.05,1036,0,0,1,0,1,0,0,1,0,0,Low,0442-TDYUO
57,90.65,5199.8,0,1,0,1,0,0,1,0,1,1,High,5198-EFNBM
8,66.05,574.5,0,0,0,0,0,0,0,0,0,0,Low,7797-EJMDP
6,84.2,519.15,1,1,0,0,0,0,1,0,0,0,Low,5868-YWPDW
44,30.35,1359.7,1,0,0,0,0,0,1,0,0,0,Low,8919-FYFQZ
16,54.85,916.15,0,0,0,0,1,0,0,1,0,0,Low,8208-EUMTE
72,110.15,7881.2,0,1,0,0,1,1,0,0,1,1,High,9070-BCKQP
1,69.9,69.9,0,1,0,0,0,0,1,0,0,0,Low,5542-TBBWB
1,69.4,69.4,1,1,0,0,0,0,0,1,0,0,Low,5884-GCYMI
52,19.35,1031.7,0,0,1,0,1,0,0,1,0,0,Low,3620-EHIMZ
26,60.7,1597.4,0,0,0,1,0,0,0,1,0,0,Low,7105-MXJLL
23,93.5,2341.55,0,1,0,0,0,0,1,0,0,0,Low,2985-FMWYF
13,96.85,1235.55,0,1,0,0,0,0,1,0,0,0,Low,9290-SHCMB
23,81,1917.1,1,1,0,0,0,0,1,0,0,0,Low,7703-ZEKEF
3,69.85,199.85,0,1,0,0,0,0,1,0,0,0,Low,7245-NIIWQ
64,91.8,5960.5,0,1,0,0,0,0,1,0,1,1,High,0595-ITUDF
64,81.25,5567.55,0,0,0,1,0,0,1,0,1,1,High,0083-PIVIK
6,45,298.7,0,0,0,0,0,1,0,0,0,0,Low,4257-GAESD
4,19.9,76.65,0,0,1,0,1,0,0,1,0,0,Low,0754-EEBDC
72,110.6,7962.2,0,1,0,0,1,1,0,0,1,1,High,1291-CUOCY
56,24.15,1402.25,0,0,1,0,1,0,0,0,0,0,Low,4979-HPRFL
12,98.9,1120.95,1,1,0,0,0,0,0,0,0,0,Low,4315-MURBD
6,47.95,305.1,1,0,0,0,0,0,1,0,0,0,Low,9239-ZBZZV
1,19.55,19.55,0,0,1,0,0,1,0,0,0,0,Low,2576-HXMPA
71,66.2,4692.55,0,0,0,1,0,0,1,0,0,0,Low,3850-OKINF
66,63.3,4189.7,0,0,0,0,1,0,0,0,0,0,Low,1525-LNLOJ
49,84.35,4059.35,1,0,0,1,0,0,1,0,0,0,Low,0112-QWPNC
33,93.35,3092,0,1,0,0,0,0,1,0,1,1,High,7422-WNBTY
1,69.65,69.65,1,1,0,0,0,0,1,0,0,0,Low,4550-EVXNY
72,108.1,7774.05,0,1,0,0,1,0,0,0,1,1,High,7134-HBPBS
52,79.75,4217.8,0,0,0,0,1,1,0,0,1,1,High,7639-LIAYI
18,45.65,747.2,0,0,0,0,0,1,0,0,0,0,Low,3255-GRXMG
10,20.55,187.35,0,0,1,0,0,0,0,1,0,0,Low,1784-BXEFA
1,45.05,45.05,1,0,0,0,0,0,0,1,0,0,Low,5696-QURRL
36,20,666.75,0,0,1,1,0,0,0,1,0,0,Low,9824-QCJPK
3,50.15,160.85,0,0,0,0,0,0,0,1,0,0,Low,0929-HYQEW
39,25.45,958.45,0,0,1,1,0,0,0,0,0,0,Low,7452-FOLON
27,85.25,2287.25,1,1,0,0,0,0,1,0,0,0,Low,8063-GBATB
72,23.75,1679.25,0,0,1,0,1,0,0,0,0,0,Low,8165-ZJRNM
4,57.2,223.75,0,0,0,0,0,0,0,1,0,0,Low,9842-EFSYY
3,94.6,279.55,1,1,0,0,0,0,1,0,0,0,Low,5567-WSELE
56,80.3,4513.65,0,1,0,0,1,0,0,0,1,1,High,1206-EHBDD
4,70.5,294.2,0,1,0,0,0,0,1,0,0,0,Low,3496-LFSZU
62,89.1,5411.65,0,1,0,0,1,1,0,0,1,1,High,1832-PEUTS
42,48.15,2032.3,0,0,0,0,1,1,0,0,0,0,Low,5656-MJEFC
1,35.45,35.45,1,0,0,0,0,0,1,0,0,0,Low,3091-FYHKI
1,74.5,74.5,1,1,0,0,0,0,1,0,0,0,Low,4415-IJZTP
55,81.55,4509.5,0,1,0,0,0,0,1,0,1,1,High,6968-GMKPR
43,109.55,4830.25,1,1,0,1,0,0,0,1,0,0,Low,9360-AHGNL
43,55.45,2444.25,0,0,0,1,0,0,1,0,0,0,Low,9619-GSATL
34,56.95,1889.5,0,0,0,1,0,0,0,1,0,0,Low,5575-GNVDE
22,20.15,432.5,0,0,1,0,0,1,0,0,0,0,Low,4018-KJYUY
38,20.2,735.9,0,0,1,0,1,0,0,1,0,0,Low,2384-OVPSA
23,75.3,1702.9,0,1,0,0,0,1,0,0,0,0,Low,5934-TSSAU
61,88.1,5526.75,0,0,0,0,1,0,0,1,1,1,High,0123-CRBRT
44,19.35,847.25,0,0,1,0,1,1,0,0,0,0,Low,2428-HYUNX
2,80.2,146.05,1,1,0,0,0,0,1,0,0,0,Low,4529-CKBCL
55,75.75,4264.25,0,0,0,1,0,0,0,0,1,1,High,4877-TSOFF
4,100.2,420.2,1,1,0,0,0,0,1,0,0,0,Low,2656-TABEH
18,95.45,1752.55,1,1,0,0,0,0,1,0,0,0,Low,1658-BYGOY
25,104.95,2566.5,1,1,0,0,0,0,0,0,0,0,Low,9601-BRXPO
27,104.65,2964,0,1,0,1,0,0,0,0,0.754545455,1,High,8329-UTMVM
27,94.55,2724.6,1,1,0,0,0,0,0,1,0,0,Low,4971-PUYQO
67,109.7,7344.45,0,1,0,1,0,1,0,0,1,1,High,1360-XFJMR
10,85.25,855.3,1,1,0,0,0,0,1,0,0,0,Low,0195-IESCP
50,20.55,1067.65,0,0,1,0,1,0,0,1,0,0,Low,1215-EXRMO
37,104.5,3778,0,1,0,1,0,1,0,0,1,1,High,5370-IIVVL
57,55.7,3171.6,0,0,0,0,0,0,1,0,0,0,Low,7672-VFMXZ
28,74.9,2068.55,1,1,0,0,0,0,0,0,0.035714286,0,Low,0618-XWMSS
35,86.45,3029.1,1,1,0,0,0,0,1,0,0,0,Low,6352-TWCAU
49,39.2,1838.15,0,0,0,0,0,0,1,0,0,0,Low,7989-AWGEH
64,104.05,6605.55,0,1,0,0,1,1,0,0,1,1,High,0868-VJRDR
66,102.45,6615.15,1,1,0,1,0,1,0,0,0,0,Low,6097-EQISJ
26,19.2,459.6,0,0,1,1,0,0,0,1,0,0,Low,1439-LCGVL
47,90.05,4137.2,0,1,0,0,0,0,1,0,1,1,High,3154-CFSZG
57,39.3,2111.45,1,0,0,0,0,0,1,0,0.16091954,0,Low,4628-CTTLA
69,84.9,5785.65,0,1,0,0,0,1,0,0,1,1,High,3865-ZYKAD
58,84.3,4916.4,0,0,0,0,1,0,1,0,1,1,High,5641-DMBFJ
62,104.85,6312.9,0,1,0,1,0,0,1,0,1,1,High,0471-ARVMX
10,84.6,865.55,1,1,0,0,0,1,0,0,0,0,Low,0875-CABNR
72,60,4264,0,0,0,0,1,0,1,0,0,0,Low,9880-TDQAC
66,91.7,6075.9,0,0,0,0,1,0,0,0,1,1,High,7975-JMZNT
62,101.15,6638.35,0,1,0,0,1,0,0,0,1,1,High,7182-OVLBJ
1,44.55,44.55,0,0,0,0,0,0,1,0,0,0,Low,2903-YYTBW
1,20.2,20.2,1,0,1,0,0,0,0,1,0,0,Low,4786-UKSNZ
67,19.25,1372.9,0,0,1,0,1,0,0,0,0,0,Low,9972-EWRJS
65,45.25,2933.95,0,0,0,0,1,0,0,1,0,0,Low,6723-CEGQI
49,74.45,3721.9,0,0,0,0,1,0,0,0,1,1,High,0487-CRLZF
40,80.75,3208.65,0,0,0,1,0,0,0,1,1,1,High,7013-PSXHK
61,49.7,2961.4,0,0,0,1,0,0,0,0,0,0,Low,1534-OULXE
27,30.75,805.1,1,0,0,0,0,1,0,0,0,0,Low,9057-MSWCO
53,100.3,5200.8,0,1,0,1,0,0,0,1,1,1,High,5447-WZAFP
64,104.65,6889.8,0,1,0,1,0,1,0,0,1,1,High,5074-FBGHB
69,29.8,2134.3,0,0,0,1,0,1,0,0,0.16091954,0,Low,9309-BZGNT
11,90.6,1020.2,0,1,0,0,0,0,1,0,0,0,Low,7928-VJYAB
72,76.8,5468.45,0,0,0,0,1,0,0,0,1,1,High,9926-PJHDQ
7,19.45,165.35,0,0,1,0,1,0,0,1,0,0,Low,3546-GHEAE
54,20.05,1102.4,0,0,1,0,1,1,0,0,0,0,Low,8540-ZQGEA
57,44.85,2572.95,1,0,0,0,0,0,1,0,0,0,Low,3132-TVFDZ
48,20.15,982.95,0,0,1,0,1,1,0,0,0,0,Low,4361-FEBGN
69,20.55,1403.1,0,0,1,1,0,1,0,0,0,0,Low,4302-ZYFEL
17,20.05,337.9,0,0,1,1,0,1,0,0,0,0,Low,4359-INNWN
24,89.25,2210.2,0,1,0,0,0,0,1,0,0,0,Low,7030-NJVDP
35,54.95,1916,0,0,0,1,0,0,0,0,0,0,Low,6461-PPAXN
53,48.7,2495.2,0,0,0,0,0,0,0,0,0,0,Low,5307-UVGNB
44,100.55,4398.15,1,1,0,0,0,0,1,0,0,0,Low,8761-NSOBC
30,50,1474.9,0,0,0,0,0,0,0,1,0,0,Low,3794-NFNCH
17,24.1,409.9,1,0,1,0,0,0,0,1,0,0,Low,7812-FZHPE
24,74.4,1712.9,0,0,0,1,0,0,0,0,0,0,Low,0496-AHOOK
6,49.25,255.6,0,0,0,1,0,0,0,1,0,0,Low,8124-NZVGJ
17,20.5,365.8,0,0,1,1,0,0,0,1,0,0,Low,4378-BZYFP
35,56.85,1861.1,0,0,0,0,0,0,1,0,0,0,Low,9853-JFZDU
19,73.2,1441.1,1,1,0,0,0,0,1,0,0,0,Low,7517-SAWMO
58,19.85,1158.85,0,0,1,0,1,0,0,1,0,0,Low,3359-DSRKA
1,90.6,90.6,1,1,0,0,0,0,1,0,0,0,Low,5797-APWZC
28,96.6,2684.35,0,1,0,0,0,1,0,0,0.754545455,1,High,6635-CPNUN
9,24.1,259.8,1,0,0,1,0,0,0,0,0,0,Low,6158-DWPZT
3,75.25,242,1,1,0,0,0,0,1,0,0,0,Low,0925-VYDLG
25,19.15,477.6,0,0,1,0,0,0,0,1,0,0,Low,0487-VVUVK
64,70.2,4481,1,0,0,0,1,1,0,0,0,0,Low,7359-SSBJK
9,21.25,204.55,0,0,1,0,0,0,0,1,0,0,Low,6549-YMFAW
7,89.5,676.7,1,1,0,0,0,0,1,0,0,0,Low,9134-CEQMF
68,76.75,5233.25,0,0,0,1,0,1,0,0,1,1,High,8932-CZHRQ
2,84.05,186.05,0,1,0,0,0,0,1,0,0,0,Low,2545-EBUPK
4,80.85,302.75,1,1,0,0,0,0,1,0,0,0,Low,5729-KLZAR
25,98.5,2514.5,1,1,0,0,0,0,1,0,0,0,Low,4598-XLKNJ
1,25.4,25.4,0,0,1,0,0,0,0,1,0,0,Low,2080-SRCDE
8,85.65,659.45,0,1,0,0,0,0,0,0,0,0,Low,7994-UYIVZ
7,94.7,673.1,1,1,0,0,0,1,0,0,0,0,Low,6502-HCJTI
51,76.4,3966.3,0,0,0,1,0,0,0,0,1,1,High,7833-PKIHD
39,41.15,1700.9,0,0,0,1,0,0,0,0,0,0,Low,8292-FRFZQ
3,40.15,130.75,1,0,0,0,0,0,0,1,0,0,Low,6338-AVWCY
8,75.6,535.55,0,1,0,0,0,0,1,0,0,0,Low,8584-KMVXD
1,69.85,69.85,1,1,0,0,0,0,1,0,0,0,Low,4603-JANFB
27,101.25,2754.45,1,1,0,0,0,0,1,0,0,0,Low,0886-QGENL
8,105.5,829.55,1,1,0,0,0,0,1,0,0,0,Low,3389-YGYAI
65,74.2,4805.65,0,0,0,0,1,1,0,0,1,1,High,2753-JMMCV
7,75.7,554.05,0,0,0,0,0,0,1,0,0,0,Low,4431-EDMIQ
19,58.2,1045.25,0,0,0,1,0,0,1,0,0,0,Low,6296-DDOOR
65,105.1,6631.85,0,1,0,0,1,1,0,0,1,1,High,3197-NNYNB
1,25.7,25.7,0,0,1,0,0,0,1,0,0,0,Low,2712-SYWAY
45,100.15,4459.8,0,1,0,1,0,0,0,0,1,1,High,9233-PSYHO
66,63.85,4264.6,0,0,0,0,0,0,1,0,0,0,Low,8548-AWOFC
6,50.05,288.35,0,0,0,0,0,0,0,1,0,0,Low,9375-MHRRS
36,53.1,1901.25,0,0,0,0,1,0,0,1,0,0,Low,2773-MADBQ
58,61.05,3478.75,0,0,0,1,0,0,0,0,0,0,Low,7670-ZBPOQ
65,105.05,6744.25,0,1,0,1,0,0,0,0,1,1,High,2560-PPCHE
1,42.9,42.9,1,0,0,0,0,0,1,0,0,0,Low,6959-UWKHF
4,20.4,94.5,0,0,1,0,0,1,0,0,0,0,Low,9929-PLVPA
5,64,370.25,0,0,0,0,0,0,1,0,0,0,Low,2041-JIJCI
70,111.15,7737.55,0,1,0,0,1,0,0,1,1,1,High,8071-SBTRN
35,21.1,741,0,0,1,1,0,0,0,1,0,0,Low,1293-HHSHJ
72,75.1,5336.35,0,0,0,0,1,0,0,0,1,1,High,1676-MQAOA
27,19.7,509.3,0,0,1,0,1,1,0,0,0,0,Low,2595-KIWPV
62,72,4284.2,0,0,0,0,1,1,0,0,1,1,High,5130-YPIRV
1,20.8,20.8,0,0,1,0,0,0,0,1,0,0,Low,4013-GUXND
3,49.15,169.05,1,0,0,0,0,0,1,0,0,0,Low,8878-HMWBV
71,116.3,8309.55,0,1,0,1,0,0,0,0,1,1,High,0186-CAERR
12,99.95,1132.75,1,1,0,0,0,0,0,1,0,0,Low,1571-SAVHK
57,41.1,2258.25,0,0,0,1,0,1,0,0,0.16091954,0,Low,8745-PVESG
71,25.55,1898.1,0,0,1,0,1,0,0,0,0,0,Low,5743-KHMNA
40,101.3,4113.1,1,1,0,0,0,0,1,0,0,0,Low,4289-DTDKW
9,75.6,661.55,0,1,0,0,0,0,1,0,0,0,Low,3987-KQDDU
67,20.05,1263.05,0,0,1,0,1,0,0,0,0,0,Low,1167-OYZJF
29,45.9,1332.4,0,0,0,0,0,0,1,0,0,0,Low,6704-UTUKK
52,19.85,1070.5,0,0,1,0,1,0,0,1,0,0,Low,9371-BITHB
61,86.45,5175.3,0,0,0,0,1,1,0,0,1,1,High,3166-PNEOF
1,84.3,84.3,1,1,0,0,0,0,1,0,0,0,Low,2013-SGDXK
45,100.85,4740,1,1,0,0,0,1,0,0,0,0,Low,7881-INRLC
25,69.5,1752.65,0,0,0,0,0,1,0,0,0,0,Low,6575-SUVOI
34,65,2157.5,0,0,0,0,0,0,0,1,0.16091954,0,Low,0708-SJDIS
1,21.05,21.05,0,0,1,0,0,0,0,1,0,0,Low,8267-KFGYD
1,68.65,68.65,1,1,0,0,0,0,1,0,0,0,Low,2856-HYAPG
72,92.65,6733,0,0,0,0,1,0,0,0,1,1,High,0244-LGNFY
64,99.25,6549.45,0,1,0,0,1,1,0,0,1,1,High,9570-KYEUA
51,19.4,997.75,0,0,1,1,0,0,0,1,0,0,Low,8249-THVEC
18,20.05,345.9,0,0,1,1,0,0,0,0,0,0,Low,0859-YGKFW
32,98.85,3145.9,0,1,0,0,0,1,0,0,1,1,High,3312-UUMZW
50,69.65,3442.15,0,0,0,1,0,0,1,0,0,0,Low,2391-IPLOP
44,85.15,3670.5,0,1,0,0,0,0,1,0,1,1,High,1394-SUIUH
1,24.05,24.05,1,0,1,0,0,0,0,1,0,0,Low,2565-JSLRY
1,46,46,1,0,0,0,0,0,1,0,0,0,Low,1976-CFOCS
3,84.3,235.05,0,1,0,0,0,0,1,0,0,0,Low,0225-ZORZP
21,90.05,1862.9,0,1,0,0,0,0,1,0,0,0,Low,4183-MYFRB
71,106.8,7623.2,0,1,0,0,1,0,1,0,1,1,High,4119-ZYPZY
63,81.15,5224.5,0,1,0,1,0,1,0,0,1,1,High,5297-MDOIR
4,51.75,201.1,1,0,0,0,0,1,0,0,0,0,Low,6923-EFPNL
43,94.5,4156.8,0,1,0,0,0,0,1,0,1,1,High,9699-UBQFS
4,19.95,68.2,0,0,1,1,0,0,0,1,0,0,Low,5619-XZZKR
35,99.05,3554.6,0,1,0,0,0,0,1,0,1,1,High,3588-WSTTJ
7,48.7,340.25,1,0,0,0,0,0,1,0,0,0,Low,4958-GZWIY
41,94.3,3893.6,0,1,0,0,0,0,0,0,1,1,High,5274-XHAKY
16,85.35,1375.15,1,1,0,0,0,1,0,0,0,0,Low,1268-ASBGA
1,45.8,45.8,1,0,0,0,0,0,1,0,0,0,Low,7825-GKXMW
17,83.55,1329.15,0,1,0,0,0,0,1,0,0,0,Low,3365-SAIGS
61,94.2,5895.45,0,1,0,0,0,1,0,0,1,1,High,7789-CRUVC
57,103.05,5925.75,0,1,0,0,0,0,1,0,1,1,High,4188-FRABG
51,99,5038.15,0,1,0,0,0,0,1,0,1,1,High,5649-RXQTV
71,24.85,1901,0,0,1,0,1,0,0,0,0,0,Low,3836-FZSDJ
58,94.35,5563.65,0,1,0,0,1,0,0,0,1,1,High,5887-IKKYO
48,26.3,1245.05,0,0,1,0,1,0,0,0,0,0,Low,5939-SXWHM
44,25.7,1110.5,0,0,1,1,0,0,0,1,0,0,Low,3935-TBRZZ
4,65.55,237.2,0,0,0,0,0,0,0,1,0,0,Low,5172-MIGPM
26,85.9,2196.45,0,1,0,0,0,1,0,0,0,0,Low,5201-USSQZ
69,92.15,6480.9,0,1,0,0,1,0,0,1,1,1,High,1063-DHQJF
1,69.15,69.15,1,1,0,0,0,0,1,0,0,0,Low,1447-GIQMR
72,73.45,5329,0,0,0,0,1,1,0,0,1,1,High,5327-XOKKY
62,84.95,5150.55,0,0,0,0,1,0,1,0,1,1,High,6691-CCIHA
12,29.2,309.1,1,0,0,0,0,0,0,1,0,0,Low,8901-HJXTF
2,47.8,92.45,1,0,0,0,0,0,1,0,0,0,Low,7377-DMMRI
60,89.45,5294.6,0,1,0,0,0,0,1,0,1,1,High,0924-BJCRC
50,95.7,4729.75,0,1,0,0,0,0,1,0,1,1,High,6212-ATMLK
8,25.25,186.3,0,0,0,0,0,1,0,0,0,0,Low,6464-KEXXH
5,19.55,99.6,0,0,1,1,0,0,1,0,0,0,Low,7311-MQJCH
1,70.05,70.05,1,1,0,0,0,0,1,0,0,0,Low,3494-JCHRQ
69,20.35,1442.65,0,0,1,1,0,1,0,0,0,0,Low,1085-LDWAM
29,20.35,617.35,0,0,1,1,0,0,0,1,0,0,Low,1872-EBWSC
16,96.15,1529.2,1,1,0,0,0,0,1,0,0,0,Low,5565-FILXA
66,107.35,7051.95,0,1,0,1,0,0,0,0,1,1,High,9659-ZTWSM
66,110.6,7210.85,0,1,0,1,0,1,0,0,1,1,High,4827-LTQRJ
71,73.35,5154.5,0,0,0,0,1,1,0,0,1,1,High,5676-CFLYY
14,50.1,709.5,0,0,0,0,0,0,0,0,0,0,Low,1629-DQQVB
67,111.05,7321.05,0,1,0,0,1,0,1,0,1,1,High,2323-ARSVR
72,25.2,1787.35,0,0,1,0,1,0,0,0,0,0,Low,6976-BWGLQ
55,60,3316.1,0,0,0,1,0,1,0,0,0,0,Low,3605-JISKB
1,45.3,45.3,1,0,0,0,0,0,1,0,0,0,Low,5552-ZNFSJ
18,99.85,1776.95,1,1,0,0,0,0,0,0,0,0,Low,8784-CGILN
28,89.95,2625.55,1,1,0,0,0,0,1,0,0,0,Low,8182-BJDSI
1,55.55,55.55,0,0,0,0,0,0,0,1,0,0,Low,4727-MCYZG
17,85.45,1451.6,1,1,0,0,0,0,1,0,0,0,Low,9102-IAYHT
2,24.85,62,0,0,1,0,0,0,0,1,0,0,Low,8713-IGZSO
71,99.65,6951.15,0,1,0,0,0,1,0,0,1,1,High,2674-MLXMN
38,20.3,743.05,0,0,1,0,1,0,0,1,0,0,Low,0582-AVCLN
21,26.05,565.75,0,0,0,0,0,0,1,0,0,0,Low,3787-TRIAL
32,91.05,2954.5,1,1,0,0,0,0,0,0,0,0,Low,7739-LAXOG
1,19.2,19.2,0,0,1,0,0,0,0,1,0,0,Low,1663-MHLHE
14,19.35,324.8,0,0,1,1,0,0,0,1,0,0,Low,1345-ZUKID
66,110.85,7491.75,1,1,0,1,0,0,1,0,0,0,Low,9835-ZIITK
71,19.7,1415.85,0,0,1,0,1,1,0,0,0,0,Low,3173-WSSUE
3,75.05,256.25,1,1,0,0,0,1,0,0,0,0,Low,1980-KXVPM
41,104.4,4133.95,0,1,0,0,0,0,1,0,1,1,High,2080-CAZNM
63,103.4,6603,1,1,0,0,0,0,1,0,0,0,Low,1343-EHPYB
22,84.3,1855.65,1,1,0,0,0,0,0,1,0,0,Low,5572-ZDXHY
70,93.9,6579.05,1,1,0,0,1,0,0,0,0,0,Low,2225-ZRGSG
23,57.2,1423.35,0,0,0,1,0,1,0,0,0,0,Low,6064-PUPMC
66,105.2,6936.85,0,1,0,0,0,0,1,0,1,1,High,1469-LBJQJ
36,34.85,1267.2,0,0,0,0,0,0,0,0,0,0,Low,2908-ZTPNF
12,29.3,355.9,0,0,0,0,0,0,0,1,0,0,Low,0282-NVSJS
6,49.15,270.8,1,0,0,0,0,0,1,0,0,0,Low,3144-AUDBS
19,19.8,344.5,0,0,1,1,0,0,0,1,0,0,Low,1561-BWHIN
6,49.65,267.35,1,0,0,0,0,0,0,0,0,0,Low,1213-NGCUN
6,85.35,489.45,1,1,0,0,0,0,1,0,0,0,Low,3138-BKYAV
36,95.4,3474.2,0,1,0,0,0,0,1,0,1,1,High,0396-YCHWO
46,98.85,4564.9,0,1,0,0,0,0,1,0,1,1,High,1751-NCDLI
35,19.25,677.9,0,0,1,0,1,0,0,1,0,0,Low,9631-RXVJM
8,74.5,606.55,1,1,0,0,0,0,1,0,0,0,Low,3488-PGMQJ
66,25.3,1672.35,0,0,1,0,1,1,0,0,0,0,Low,7008-LZVOZ
72,115.75,8443.7,0,1,0,0,1,1,0,0,1,1,High,5451-YHYPW
37,64.75,2345.2,1,0,0,0,0,0,1,0,0.16091954,0,Low,3521-SYVOR
39,106.4,4040.65,0,1,0,0,0,0,1,0,1,1,High,7048-GXDAY
70,89,6293.2,0,0,0,0,1,0,0,0,1,1,High,9415-ZNBSX
1,20.2,20.2,0,0,1,0,0,0,0,1,0,0,Low,8048-DSDFQ
67,104.6,6885.75,0,1,0,0,1,0,0,0,1,1,High,8466-PZBLH
53,54.9,3045.75,0,0,0,1,0,1,0,0,0,0,Low,5944-UGLLK
3,88.35,262.05,1,1,0,0,0,0,0,1,0,0,Low,0772-GYEQQ
47,86.05,3865.6,0,1,0,0,0,1,0,0,1,1,High,3452-ABWRL
18,78.2,1468.75,0,1,0,0,0,0,1,0,0,0,Low,0365-GXEZS
14,19.55,294.5,0,0,1,1,0,0,0,1,0,0,Low,3131-NWVFJ
10,98.5,1037.75,1,1,0,0,0,0,1,0,0,0,Low,1455-UGQVH
1,19.05,19.05,0,0,1,0,0,0,0,1,0,0,Low,1015-OWJKI
71,71.1,5224.95,0,0,0,0,1,0,0,1,1,1,High,6253-GNHWH
52,50.2,2554,0,0,0,0,1,0,0,1,0,0,Low,0298-XACET
10,53.7,521,0,0,0,0,1,1,0,0,0,0,Low,6434-TTGJP
50,103.95,5231.3,0,1,0,1,0,0,1,0,1,1,High,8033-VCZGH
1,49.55,49.55,0,0,0,0,0,0,0,0,0,0,Low,8885-QSQBX
30,55.3,1530.6,0,0,0,0,0,0,0,0,0,0,Low,6865-JZNKO
42,20.75,844.45,0,0,1,0,1,0,0,0,0,0,Low,5542-NKVRU
71,80.1,5585.4,0,0,0,0,1,0,0,1,1,1,High,7649-SIJJF
5,50.55,244.75,0,0,0,0,0,0,0,0,0,0,Low,4130-MZLCC
72,108.4,7767.25,0,1,0,0,1,1,0,0,1,1,High,1320-GVNHT
26,47.85,1190.5,0,0,0,1,0,0,0,0,0,0,Low,9139-TWBAS
36,70.7,2511.95,0,0,0,1,0,0,0,1,0.754545455,1,High,4186-ZBUEW
11,64.9,697.25,0,0,0,1,0,1,0,0,0,0,Low,5756-JYOJT
18,19.35,309.25,0,0,1,0,1,0,0,1,0,0,Low,2892-GESUL
60,104.7,6333.8,0,1,0,0,1,0,1,0,1,1,High,2001-EWBQU
62,90.7,5586.45,0,1,0,0,0,0,0,0,1,1,High,6794-HKIAJ
52,96.25,4990.25,1,1,0,0,1,0,0,0,0,0,Low,1527-SXDPN
1,55.7,55.7,0,0,0,0,0,0,0,1,0,0,Low,2043-WVTQJ
62,110.8,6840.95,0,1,0,1,0,0,1,0,1,1,High,2272-JKMSI
50,108.55,5610.7,1,1,0,1,0,0,1,0,0,0,Low,9101-BWFSS
26,89.15,2277.65,1,1,0,0,0,0,1,0,0,0,Low,6005-OBZPH
5,53.8,283.95,0,0,0,0,0,0,1,0,0,0,Low,7129-ACFOG
1,75.1,75.1,1,1,0,0,0,0,1,0,0,0,Low,8816-VXNZD
35,70.3,2416.55,1,1,0,0,0,0,1,0,0.16091954,0,Low,2884-GBPFB
72,65.1,4754.3,0,0,0,0,1,1,0,0,0,0,Low,9242-TKFSV
49,75.2,3678.3,1,1,0,0,0,1,0,0,0,0,Low,0617-FHSGK
50,70.35,3533.6,0,1,0,0,1,1,0,0,0,0,Low,9174-IHETN
70,26.05,1856.4,0,0,1,1,0,1,0,0,0,0,Low,9067-YGSCA
30,94.4,2838.7,1,1,0,0,0,0,1,0,0,0,Low,9574-RKJIF
66,56.6,3789.2,0,0,0,0,1,0,0,0,0,0,Low,0230-WEQUW
24,51.1,1269.6,0,0,0,0,0,1,0,0,0,0,Low,3221-CJMSG
68,76.9,5023,0,0,0,1,0,1,0,0,1,1,High,3442-ZHHCC
4,91.65,365.4,1,1,0,0,0,0,1,0,0,0,Low,6892-EZDTG
60,64.75,4039.5,0,0,0,1,0,0,1,0,0,0,Low,7945-HLKEA
3,69.65,220.1,1,1,0,0,0,0,1,0,0,0,Low,4919-MOAVT
46,24.95,1165.9,0,0,1,1,0,0,0,1,0,0,Low,4538-WNTMJ
11,89.7,1047.7,1,1,0,0,0,0,0,0,0,0,Low,8999-BOHSE
43,108.15,4600.7,1,1,0,0,0,1,0,0,0,0,Low,6179-GJPSO
29,74.2,1993.25,0,1,0,0,0,0,1,0,0,0,Low,3002-WQZWT
17,20.75,418.25,0,0,1,1,0,0,0,1,0,0,Low,9867-JCZSP
7,20.05,96.8,0,0,1,1,0,0,0,1,0,0,Low,4291-YZODP
56,88.9,4968,0,1,0,1,0,0,0,0,1,1,High,4355-CVPVS
33,95,3008.15,0,1,0,0,0,1,0,0,0.754545455,1,High,2105-PHWON
6,70.55,433.95,0,1,0,0,0,1,0,0,0,0,Low,9620-ENEJV
12,21.05,262.05,0,0,1,0,1,0,0,0,0,0,Low,6828-HMKWP
48,20,935.9,0,0,1,0,1,0,0,1,0,0,Low,9251-AWQGT
8,69.7,572.85,0,1,0,0,0,0,1,0,0,0,Low,1016-DJTSV
2,90,190.05,1,1,0,0,0,1,0,0,0,0,Low,3703-VAVCL
38,85.4,3297,0,0,0,0,1,0,0,0,1,1,High,7037-MTYVW
14,86.1,1235.55,1,1,0,0,0,0,1,0,0,0,Low,7508-MYBOG
25,24.75,692.1,1,0,1,0,1,1,0,0,0,0,Low,8515-OCTJS
53,94.85,5000.2,1,1,0,1,0,0,0,0,0,0,Low,0691-JVSYA
52,93.25,4631.7,0,1,0,0,0,0,0,0,1,1,High,1485-YDHMM
15,38.8,603,0,0,0,0,1,0,0,1,0,0,Low,3635-JBPSG
1,70.7,70.7,0,1,0,0,0,0,0,1,0,0,Low,5032-MIYKT
15,45.9,693.45,0,0,0,1,0,0,0,1,0,0,Low,2834-JKOOW
1,19.25,19.25,0,0,1,0,0,0,1,0,0,0,Low,9374-YOLBJ
59,111.1,6555.2,0,1,0,0,1,0,0,1,1,1,High,8591-TKMZH
63,19.25,1237.65,0,0,1,0,1,0,0,1,0,0,Low,8857-CUPFQ
29,94.65,2649.15,1,1,0,0,0,1,0,0,0,0,Low,4831-EOBFE
1,25.35,25.35,0,0,0,0,0,0,0,1,0,0,Low,6158-HDPXZ
61,118.6,7365.7,0,1,0,1,0,0,1,0,1,1,High,5734-EJKXG
72,115.8,8424.9,0,1,0,0,1,0,0,0,1,1,High,5914-XRFQB
69,20.15,1337.5,0,0,1,0,1,0,0,0,0,0,Low,7673-BQGKU
64,105.25,6823.4,0,1,0,0,1,0,1,0,1,1,High,8984-EYLLL
1,30.5,30.5,1,0,0,0,0,0,0,0,0,0,Low,0032-PGELS
45,84.35,3858.05,0,0,0,0,1,0,0,1,1,1,High,8999-YPYBV
70,59.5,4144.8,0,0,0,0,1,0,0,0,0,0,Low,1459-QNFQT
15,74.9,1107.25,1,1,0,0,0,0,0,0,0,0,Low,6906-ANDWJ
5,92.5,452.7,1,1,0,0,0,0,1,0,0,0,Low,2462-XIIJB
58,79.8,4526.85,0,1,0,0,0,0,0,0,1,1,High,1867-TJHTS
6,20,109.2,0,0,1,0,0,0,0,1,0,0,Low,6972-SNKKW
15,19.8,304.6,0,0,1,1,0,0,0,1,0,0,Low,3721-CNZHX
49,35.8,1782,0,0,0,1,0,1,0,0,0,0,Low,5170-PTRKA
35,20.5,759.35,0,0,1,0,1,0,0,0,0,0,Low,6169-PPETC
68,25.05,1629.2,0,0,1,0,1,1,0,0,0,0,Low,2696-RZVZW
38,110.7,4428.6,0,1,0,1,0,0,1,0,1,1,High,9356-AXGMP
1,79.15,79.15,1,1,0,0,0,0,1,0,0,0,Low,7493-TPUWZ
67,19.4,1284.2,0,0,1,0,1,1,0,0,0,0,Low,2626-VEEWG
22,40.05,880.2,1,0,0,0,0,0,0,1,0,0,Low,5180-UCIIQ
68,64.35,4539.6,0,0,0,0,1,1,0,0,0,0,Low,0361-HJRDX
72,19.85,1434.1,0,0,1,0,1,0,0,0,0,0,Low,2429-AYKKO
70,74.8,5315.8,0,0,0,0,1,1,0,0,1,1,High,4654-ULTTN
49,59.75,2934.3,1,0,0,0,0,1,0,0,0,0,Low,8624-GIOUT
51,69.15,3649.6,0,1,0,0,0,0,0,1,0,0,Low,9701-CDXHR
67,88.4,5798.3,0,1,0,1,0,0,0,0,1,1,High,7964-ZRKKG
65,105.05,6914.95,0,1,0,0,0,0,1,0,1,1,High,5055-MGMGF
11,104.05,1133.65,1,1,0,0,0,0,0,0,0,0,Low,5293-WXJAK
3,107.95,318.6,0,1,0,0,0,0,1,0,0,0,Low,2081-VEYEH
49,95.4,4613.95,0,1,0,0,0,0,0,0,1,1,High,0701-RFGFI
19,96.8,1743.05,0,1,0,0,0,0,1,0,0,0,Low,0480-BIXDE
16,19.05,326.65,0,0,1,1,0,0,0,1,0,0,Low,0307-BCOPK
24,56.35,1381.2,0,0,0,0,0,1,0,0,0,0,Low,5092-STPKP
52,24.55,1331.05,0,0,1,0,1,0,0,1,0,0,Low,2207-RYYRL
67,65.55,4361.55,0,0,0,0,1,0,0,0,0,0,Low,6625-IUTTT
1,44,44,0,0,0,0,0,0,1,0,0,0,Low,1942-OQFRW
55,85.45,4874.7,1,1,0,0,0,0,1,0,0,0,Low,0533-BNWKF
50,39.7,1932.75,0,0,0,0,1,1,0,0,0,0,Low,3933-DQPWX
21,55.95,1157.05,1,0,0,1,0,0,1,0,0,0,Low,2898-LSJGD
9,58.5,539.85,1,0,0,0,0,0,0,1,0,0,Low,5154-VEKBL
8,60.9,551.95,0,0,0,0,0,0,0,0,0,0,Low,9489-UTFKA
71,93.7,6585.35,1,1,0,0,1,0,0,0,0,0,Low,2530-ENDWQ
54,45.2,2460.55,0,0,0,0,1,1,0,0,0,0,Low,0017-DINOC
35,76.05,2747.2,0,0,0,0,0,0,1,0,0.754545455,1,High,3780-DDGSE
15,95.7,1451.1,0,1,0,0,0,0,1,0,0,0,Low,2507-QZPQS
41,94.55,3851.45,0,1,0,0,0,0,1,0,1,1,High,5439-WIKXB
3,19.75,58.85,1,0,1,0,0,0,1,0,0,0,Low,0268-QKIWO
23,20.05,415.1,0,0,1,1,0,0,0,1,0,0,Low,5876-QMYLD
43,40.45,1912.85,0,0,0,0,0,0,1,0,0,0,Low,9839-ETQOE
61,101.15,6383.9,0,1,0,1,0,0,0,0,1,1,High,4455-BFSPD
35,89.85,3161.2,0,1,0,0,0,0,0,0,1,1,High,5886-VLQVU
3,36.45,93.7,1,0,0,0,0,0,0,1,0,0,Low,7890-VYYWG
42,20.7,828.85,0,0,1,0,1,0,0,1,0,0,Low,4878-BUNFV
4,20.35,76.35,1,0,1,0,0,0,0,1,0,0,Low,0031-PVLZI
35,102.05,3452.55,0,1,0,0,0,0,0,0,1,1,High,4238-JSSWH
16,112.95,1882.55,0,1,0,0,0,0,1,0,0,0,Low,0771-WLCLA
72,74.35,5237.4,0,0,0,0,1,0,1,0,1,1,High,8468-FZTOE
6,20.2,123.65,0,0,1,0,0,0,0,1,0,0,Low,5850-BDWCY
1,19.6,19.6,1,0,1,0,0,0,0,1,0,0,Low,4588-YBNIB
67,79.7,5293.4,1,0,0,0,1,0,1,0,0,0,Low,4355-HBJHH
61,79.8,4914.8,0,0,0,1,0,0,1,0,1,1,High,9107-UKCKY
10,64.9,685.55,0,0,0,1,0,0,0,1,0,0,Low,5081-NWSUP
43,104.6,4759.85,1,1,0,0,1,0,1,0,0,0,Low,6680-NENYN
4,20.35,77.5,1,0,1,0,0,0,0,1,0,0,Low,5687-DKDTV
69,26.3,1763.55,0,0,1,1,0,0,1,0,0,0,Low,9066-QRSDU
12,49.85,617.15,0,0,0,0,0,0,0,0,0,0,Low,7176-WIONM
18,19.65,411.25,0,0,1,1,0,0,0,1,0,0,Low,8969-PRHFK
64,43.85,2751,0,0,0,0,0,0,1,0,0,0,Low,6211-WHMYA
53,19.65,978,0,0,1,0,1,0,0,0,0,0,Low,2675-IJRGJ
67,109.4,7281.6,0,1,0,1,0,0,1,0,1,1,High,8849-PRIQJ
22,25.25,555.4,0,0,1,0,1,1,0,0,0,0,Low,4883-KCPZJ
64,105.65,6903.1,1,1,0,1,0,1,0,0,0,0,Low,2722-VOJQL
43,56.15,2499.3,1,0,0,0,0,0,1,0,0,0,Low,4580-TMHJU
1,20.15,20.15,1,0,1,0,0,0,0,1,0,0,Low,1934-SJVJK
5,89.15,413.25,0,1,0,0,0,0,1,0,0,0,Low,4853-OITSN
62,104.3,6613.65,0,1,0,1,0,0,1,0,1,1,High,6341-AEVKX
1,69.2,69.2,1,1,0,0,0,0,1,0,0,0,Low,7660-HDPJV
18,75.6,1395.05,0,1,0,0,0,0,0,0,0,0,Low,4360-PNRQB
57,97.55,5598,0,1,0,1,0,1,0,0,1,1,High,1573-LGXBA
7,19.95,147.5,0,0,1,0,0,0,0,1,0,0,Low,9788-YTFGE
48,91.05,4370.75,0,1,0,0,0,1,0,0,1,1,High,2573-GYRUU
17,89.15,1496.9,1,1,0,0,0,0,1,0,0,0,Low,1792-UXAFY
4,99.6,347.65,1,1,0,0,0,0,1,0,0,0,Low,2265-CYWIV
9,54.8,452.8,0,0,0,0,0,0,0,1,0,0,Low,3948-FVVRP
7,73.85,511.25,1,1,0,0,0,0,1,0,0,0,Low,0122-OAHPZ
32,61.4,1864.65,0,0,0,0,0,0,0,0,0,0,Low,5061-PBXFW
8,66.65,520.95,0,0,0,0,0,0,1,0,0,0,Low,4226-KKDON
7,69.85,515.45,0,1,0,0,0,0,0,0,0,0,Low,5605-IYGFG
35,53.15,1930.9,0,0,0,1,0,1,0,0,0,0,Low,8318-LCNBW
55,85.1,4600.95,0,1,0,0,0,0,1,0,1,1,High,3541-ZNUHK
20,96.8,1826.7,0,1,0,0,0,0,0,1,0,0,Low,9909-IDLEK
9,44.4,348.15,0,0,0,0,0,0,0,1,0,0,Low,3589-PPVKW
66,62.5,4136.4,0,0,0,0,1,0,0,0,0,0,Low,8404-VIOMB
10,70.15,735.5,0,1,0,0,0,0,0,1,0,0,Low,9272-LSVYH
9,65.6,593.3,0,0,0,1,0,0,0,1,0,0,Low,0002-ORFBO
3,26.4,121.25,0,0,1,0,1,0,0,1,0,0,Low,0323-XWWTN
62,84.45,4959.15,0,1,0,1,0,0,1,0,1,1,High,2957-JIRMN
67,101.4,6841.05,0,1,0,0,0,1,0,0,1,1,High,2452-KDRRH
57,99.65,5497.05,0,1,0,0,0,0,1,0,1,1,High,8468-EHYJA
32,35.15,1051.05,0,0,0,0,0,0,1,0,0,0,Low,7078-NVFAM
38,69.95,2657.55,0,0,0,0,0,0,1,0,0,0,Low,7459-IMVYU
34,108.9,3625.2,0,1,0,0,0,0,1,0,1,1,High,9971-ZWPBF
2,69.65,145.15,1,1,0,0,0,0,1,0,0,0,Low,7538-GWHML
3,70.15,194.2,0,1,0,0,0,0,1,0,0,0,Low,6077-BDPXA
49,93.65,4520.15,0,1,0,1,0,0,1,0,1,1,High,1470-PSXNM
59,109.15,6557.75,0,1,0,1,0,1,0,0,1,1,High,5140-FOMCQ
69,110.5,7455.45,0,1,0,0,1,0,0,0,1,1,High,7519-JTWQH
72,111.65,7943.45,0,1,0,0,1,0,1,0,1,1,High,2469-DTSGX
27,85.9,2220.1,0,1,0,1,0,0,1,0,0,0,Low,6726-WEXXK
68,24,1664.3,0,0,1,0,1,0,0,0,0,0,Low,5220-AGAAX
2,71.65,135.75,0,1,0,0,0,0,1,0,0,0,Low,0508-OOLTO
71,24.65,1766.75,0,0,1,0,1,0,0,1,0,0,Low,5699-BNCAS
72,84.9,6065.3,0,0,0,0,1,0,0,0,1,1,High,8125-QPFJD
29,98.65,2862.75,1,1,0,0,0,0,1,0,0,0,Low,4902-OHLSK
14,31.1,419.7,0,0,0,0,0,0,0,1,0,0,Low,8069-YQQAJ
62,39,2337.45,0,0,0,0,1,0,0,0,0.16091954,0,Low,0979-MOZQI
56,19.55,1080.55,0,0,1,0,1,0,0,0,0,0,Low,4299-OPXEJ
67,106.7,7009.5,0,1,0,0,1,1,0,0,1,1,High,5055-BRMNE
17,19.4,358.05,0,0,1,0,1,0,0,1,0,0,Low,3525-DVKFN
58,66.8,3970.4,0,0,0,0,0,0,0,0,0,0,Low,1697-BCSHV
72,64.8,4732.35,0,0,0,0,1,0,0,0,0,0,Low,8204-YJCLA
27,100.75,2793.55,0,1,0,0,0,0,1,0,0.754545455,1,High,7587-AOVVU
4,20.5,79.05,0,0,1,1,0,0,0,0,0,0,Low,8189-DUKMV
3,24.75,66.95,1,0,0,0,0,0,1,0,0,0,Low,2592-SEIFQ
72,25.4,1797.1,0,0,1,0,1,0,0,1,0,0,Low,8774-GSBUN
37,85.7,3171.15,1,1,0,0,0,0,1,0,0,0,Low,7137-RYLPP
6,82.85,460.25,1,1,0,0,0,0,1,0,0,0,Low,3727-RJMEO
3,55.8,154.55,0,0,0,0,0,0,0,1,0,0,Low,7055-HNEOJ
25,19.9,505.45,0,0,1,1,0,0,1,0,0,0,Low,1069-QJOEE
31,84.85,2633.4,0,1,0,0,0,0,1,0,0.754545455,1,High,5216-WASFJ
28,39.1,1096.6,0,0,0,1,0,0,1,0,0,0,Low,4291-HYEBC
24,20.45,527.35,0,0,1,1,0,1,0,0,0,0,Low,7244-KXYZN
18,85.45,1505.85,1,1,0,0,0,0,1,0,0,0,Low,5914-DVBWJ
71,105.55,7405.5,0,1,0,0,1,0,1,0,1,1,High,3363-DTIVD
2,93.85,170.85,1,1,0,0,0,0,1,0,0,0,Low,7024-OHCCK
56,90.55,5116.6,0,1,0,0,0,0,1,0,1,1,High,1020-JPQOW
1,49,49,0,0,0,0,0,1,0,0,0,0,Low,2607-FBDFF
26,39.95,1023.75,0,0,0,1,0,0,0,0,0,0,Low,8319-QBEHW
1,60.15,60.15,1,0,0,0,0,0,1,0,0,0,Low,5673-FSSMF
1,80.85,80.85,1,1,0,0,0,0,0,1,0,0,Low,5275-SQEIZ
15,20.55,295.95,0,0,1,1,0,0,0,1,0,0,Low,0422-OHQHQ
6,90.75,512.25,0,1,0,0,0,0,1,0,0,0,Low,8622-ZLFKO
72,20.7,1482.3,0,0,1,0,1,0,0,1,0,0,Low,1293-BSEUN
72,101.35,7323.15,0,1,0,1,0,0,1,0,1,1,High,1335-HQMKX
31,71.05,2168.15,0,0,0,0,0,0,1,0,0.16091954,0,Low,5136-RGMZO
64,110.3,6997.3,0,1,0,0,1,0,0,0,1,1,High,2789-CZANW
47,103.1,4889.3,0,1,0,1,0,0,1,0,1,1,High,7975-TZMLR
68,88.15,6148.45,0,0,0,0,1,0,1,0,1,1,High,2088-IEBAU
35,19.6,686.95,0,0,1,0,1,0,0,1,0,0,Low,7601-GNDYK
68,102.1,7149.35,0,1,0,0,1,0,0,0,1,1,High,6999-CHVCF
60,89.9,5450.7,0,1,0,0,0,0,0,0,1,1,High,1215-FIGMP
30,79.65,2365.15,1,1,0,0,0,0,0,1,0.16091954,0,Low,4248-HCETZ
59,19.35,1099.6,1,0,1,0,1,0,0,1,0,0,Low,6323-AYBRX
70,64.55,4504.9,0,0,0,0,1,0,0,0,0,0,Low,2535-PBCGC
3,78.5,242.05,1,1,0,0,0,0,1,0,0,0,Low,9837-BMCLM
58,107.75,6332.75,0,1,0,1,0,0,1,0,1,1,High,2000-MPKCA
8,84.95,668.4,1,1,0,0,0,0,1,0,0,0,Low,8837-VVWLQ
65,70.95,4555.2,0,1,0,1,0,0,0,0,1,1,High,5397-TUPSH
43,91.25,4013.8,0,1,0,1,0,1,0,0,1,1,High,5681-LLOEI
25,100.25,2387.75,1,1,0,0,0,0,1,0,0,0,Low,3393-FMZPV
29,25.1,712.85,1,0,0,0,0,1,0,0,0,0,Low,7016-BPGEU
7,84.55,646.85,1,1,0,0,0,0,1,0,0,0,Low,8972-HJWNV
40,20.15,804.85,0,0,1,0,1,0,0,1,0,0,Low,4735-BJKOU
38,57.15,2250.65,1,0,0,0,0,1,0,0,0.16091954,0,Low,4510-PYUSH
5,70.05,302.6,0,1,0,0,0,0,1,0,0,0,Low,6705-LXORM
10,65.9,660.05,0,0,0,1,0,0,0,1,0,0,Low,7919-ZODZZ
47,74.45,3510.3,0,0,0,0,1,0,0,1,1,1,High,5232-NXPAY
4,63.75,226.2,0,0,0,0,0,0,0,0,0,0,Low,1564-HJUVY
16,19.7,342.4,1,0,1,0,0,0,0,1,0,0,Low,2332-EFBJY
3,76.95,228.4,1,1,0,0,0,0,1,0,0,0,Low,5835-BEQEU
71,108.05,7532.15,1,1,0,0,1,0,1,0,0,0,Low,2834-JRTUA
18,40.2,711.95,0,0,0,1,0,0,0,1,0,0,Low,4654-GGUII
72,88.05,6520.8,0,0,0,0,1,0,0,0,1,1,High,5879-HMFFH
69,105.1,7234.8,0,1,0,1,0,1,0,0,1,1,High,1090-PYKCI
1,19.85,19.85,0,0,1,0,0,0,0,1,0,0,Low,4291-HPAXL
18,71.1,1247.75,0,1,0,0,0,0,1,0,0,0,Low,1769-GRUIK
9,100.5,918.6,1,1,0,0,0,0,1,0,0,0,Low,0781-LKXBR
61,51.35,3244.4,0,0,0,0,1,1,0,0,0,0,Low,6701-DHKWQ
37,19.35,683.75,0,0,1,0,0,0,1,0,0,0,Low,5917-HBSDW
23,19.65,451.55,0,0,1,0,1,0,0,1,0,0,Low,8143-ETQTI
34,26.1,980.35,0,0,1,0,1,0,0,0,0,0,Low,3521-HTQTV
12,85.15,979.05,0,1,0,1,0,1,0,0,0,0,Low,7596-LDUXP
1,20.45,20.45,0,0,1,0,0,0,0,1,0,0,Low,0673-IGUQO
21,41.9,840.1,1,0,0,0,0,0,1,0,0,0,Low,0623-IIHUG
43,86.1,3551.65,0,1,0,0,0,1,0,0,1,1,High,2716-GFZOR
2,75.9,143.35,1,1,0,0,0,0,1,0,0,0,Low,1618-CFHME
67,94.65,6079,0,1,0,0,0,1,0,0,1,1,High,6173-GOLSU
70,75.65,5411.4,0,1,0,0,1,1,0,0,1,1,High,5671-RQRLP
72,117.15,8529.5,0,1,0,0,1,1,0,0,1,1,High,6650-BWFRT
35,70.55,2419,0,1,0,0,0,0,1,0,0.16091954,0,Low,9112-WSNPU
68,110.2,7467.5,0,1,0,0,1,0,1,0,1,1,High,5153-LXKDT
5,20.25,109.8,0,0,1,0,0,0,0,1,0,0,Low,2439-QKJUL
39,103.45,3994.45,1,1,0,0,0,0,1,0,0,0,Low,9801-GDWGV
35,62.15,2215.45,0,0,0,1,0,0,0,0,0.16091954,0,Low,4808-YNLEU
45,54.15,2319.8,1,0,0,1,0,1,0,0,0.16091954,0,Low,5906-CVLHP
38,24.25,914.4,0,0,1,1,0,0,1,0,0,0,Low,8461-EFQYM
70,97.55,6669.05,0,1,0,0,0,1,0,0,1,1,High,5740-YHGTW
8,29.4,221.9,1,0,0,0,0,0,1,0,0,0,Low,5233-GEEAX
2,69.6,131.65,1,1,0,0,0,0,1,0,0,0,Low,5276-KQWHG
2,70.65,142.35,1,1,0,0,0,0,1,0,0,0,Low,4342-HENTK
48,19.95,1004.5,0,0,1,1,0,0,0,0,0,0,Low,8859-YSTWS
41,20.25,865,0,0,1,1,0,1,0,0,0,0,Low,5924-SNGKP
71,77.55,5574.35,0,0,0,0,1,1,0,0,1,1,High,8722-PRFDV
10,45.8,436.2,0,0,0,0,0,1,0,0,0,0,Low,6143-JQKEA
45,50.9,2298.55,0,0,0,0,0,0,0,0,0.16091954,0,Low,5382-TEMLV
6,55.3,324.25,1,0,0,0,0,0,0,1,0,0,Low,7551-DACSP
13,102.25,1359,1,1,0,0,0,1,0,0,0,0,Low,0871-URUWO
53,80.6,4348.1,0,1,0,0,0,0,0,1,1,1,High,5206-XZZQI
8,20.45,162.3,0,0,1,0,0,1,0,0,0,0,Low,7140-ADSMJ
3,74.75,229.5,1,1,0,0,0,1,0,0,0,0,Low,6424-ELEYH
22,59.75,1374.35,0,0,0,1,0,0,0,0,0,0,Low,1353-GHZOS
72,79.2,5401.9,0,0,0,0,1,1,0,0,1,1,High,2235-EZAIK
72,25.1,1790.8,0,0,1,0,1,1,0,0,0,0,Low,9430-NKQLY
2,81.5,162.55,0,1,0,0,0,0,0,1,0,0,Low,9050-IKDZA
47,19.65,973.1,0,0,1,0,1,0,0,1,0,0,Low,9646-NMHXE
1,75.1,75.1,0,1,0,0,0,0,1,0,0,0,Low,1452-VOQCH
10,79.25,793.55,1,1,0,0,0,0,1,0,0,0,Low,8225-BTJAU
70,19.8,1397.65,0,0,1,0,1,0,0,0,0,0,Low,0505-SPOOW
72,19.55,1463.45,0,0,1,0,1,0,0,0,0,0,Low,1166-PQLGG
70,109.5,7674.55,1,1,0,1,0,0,1,0,0,0,Low,1984-FCOWB
3,88.3,273.75,1,1,0,0,0,0,0,1,0,0,Low,4184-TJFAN
70,79.6,5589.45,0,0,0,0,1,0,0,0,1,1,High,7560-QJAVJ
71,109.25,7707.7,0,1,0,0,1,0,1,0,1,1,High,6308-CQRBU
10,89.8,914.3,1,1,0,0,0,0,1,0,0,0,Low,8337-UPOAQ
3,105,294.45,1,1,0,0,0,0,1,0,0,0,Low,6496-SLWHQ
1,46.3,46.3,0,0,0,0,0,0,1,0,0,0,Low,6185-TASNN
23,48.35,1067.15,1,0,0,1,0,1,0,0,0,0,Low,1208-DNHLN
18,87.9,1500.5,0,1,0,0,0,0,0,1,0,0,Low,4660-IRIBM
17,92.6,1579.7,0,1,0,0,0,0,1,0,0,0,Low,6198-RTPMF
65,99.05,6416.7,0,1,0,0,1,1,0,0,1,1,High,5716-EZXZN
54,104.3,5278.15,1,1,0,0,0,0,1,0,0,0,Low,0895-DQHEW
2,80.65,144.15,1,1,0,0,0,0,1,0,0,0,Low,7760-OYPDY
72,75.4,5480.25,0,0,0,0,1,0,0,0,1,1,High,4751-ERMAN
17,88.25,1460.65,1,1,0,0,0,0,1,0,0,0,Low,0378-NHQXU
3,101.55,298.35,1,1,0,0,0,0,0,0,0,0,Low,5299-SJCZT
67,24.9,1680.25,0,0,1,0,1,0,0,1,0,0,Low,3967-VQOGC
24,54.6,1242.25,0,0,0,1,0,0,0,0,0,0,Low,7901-IIDQV
47,99.35,4749.15,1,1,0,0,0,0,1,0,0,0,Low,6467-CHFZW
42,104.75,4323.45,1,1,0,0,0,0,0,0,0,0,Low,6661-HBGWL
10,24,226.55,0,0,1,0,0,0,1,0,0,0,Low,2740-JFBOK
68,89.6,6127.6,1,1,0,0,0,0,0,0,0,0,Low,6818-WOBHJ
29,19.8,572.2,0,0,1,1,0,0,0,1,0,0,Low,2829-HYVZP
69,61.45,4131.2,0,0,0,0,1,1,0,0,0,0,Low,6023-GSSXW
50,93.5,4747.5,0,1,0,0,0,1,0,0,1,1,High,3316-UWXUY
64,99.15,6171.2,0,1,0,0,0,1,0,0,1,1,High,9974-JFBHQ
2,80.15,194.55,0,1,0,0,0,0,1,0,0,0,Low,4741-WWJQZ
28,50.8,1386.8,0,0,0,1,0,0,0,1,0,0,Low,3315-IKYZQ
60,65.85,3928.3,0,0,0,1,0,0,0,0,0,0,Low,3161-ONRWK
70,115.55,8127.6,1,1,0,1,0,1,0,0,0,0,Low,0201-OAMXR
27,95,2462.55,0,1,0,0,0,1,0,0,0.754545455,1,High,1194-HVAIF
29,80.15,2265.25,1,1,0,0,0,0,0,0,0,0,Low,4818-DRBQT
46,55,2473.95,0,0,0,0,0,0,0,0,0,0,Low,9931-KGHOA
36,84.75,3050.15,1,1,0,0,0,0,1,0,0,0,Low,2362-IBOOY
33,103.7,3467,1,1,0,1,0,0,0,1,0,0,Low,5136-KCKGI
61,50.7,3088.75,0,0,0,1,0,0,0,0,0,0,Low,2405-LBMUW
56,73.85,4092.85,1,1,0,0,0,0,1,0,0,0,Low,1450-SKCVI
65,99.1,6496.15,0,1,0,0,0,0,0,0,1,1,High,8065-BVEPF
69,103.95,7446.9,1,1,0,0,0,0,1,0,0,0,Low,5502-RLUYV
34,24.7,780.2,0,0,1,0,0,0,1,0,0,0,Low,1744-JHKYS
3,20,61.7,0,0,1,0,0,0,0,1,0,0,Low,2393-DIVAI
13,81.9,1028.9,0,1,0,0,0,0,0,1,0,0,Low,0620-DLSLK
5,48.65,235.2,0,0,0,0,0,0,0,0,0,0,Low,4468-YDOVK
21,43.55,1011.5,0,0,0,0,0,0,0,1,0,0,Low,8706-HRADD
62,96.75,6125.4,1,1,0,1,0,0,1,0,0,0,Low,3009-JWMPU
8,20.25,158.35,0,0,1,0,0,0,0,1,0,0,Low,5345-BMKWB
18,44.35,768.05,0,0,0,0,0,0,0,0,0,0,Low,6954-OOYZZ
57,49.9,2782.4,0,0,0,0,0,0,0,0,0,0,Low,3621-CHYVB
25,54.1,1373,0,0,0,0,0,0,1,0,0,0,Low,9881-VCZEP
66,25.45,1699.15,0,0,1,1,0,0,0,0,0,0,Low,8042-RNLKO
42,84.65,3541.35,1,1,0,0,0,0,1,0,0,0,Low,9490-DFPMD
22,69.75,1545.4,0,0,0,0,0,0,0,1,0,0,Low,5760-WRAHC
34,89.85,3091.75,0,1,0,0,0,0,1,0,1,1,High,7682-AZNDK
23,77.15,1759.4,0,0,0,0,1,0,0,0,0,0,Low,3082-YVEKW
15,19.35,278.85,0,0,1,0,1,0,0,1,0,0,Low,2266-FUBDZ
60,97.2,5611.75,0,1,0,0,1,0,1,0,1,1,High,9933-QRGTX
17,34.4,592.75,0,0,0,0,0,0,0,1,0,0,Low,3307-TLCUD
43,56.35,2391.15,0,0,0,1,0,0,0,1,0.16091954,0,Low,6968-URWQU
1,85.45,85.45,1,1,0,0,0,0,1,0,0,0,Low,5597-GLBUC
70,20.05,1360.25,0,0,1,0,1,1,0,0,0,0,Low,1403-GYAFU
69,108.4,7318.2,1,1,0,0,1,0,0,0,0,0,Low,5440-FLBQG
17,104.2,1743.5,1,1,0,0,0,0,1,0,0,0,Low,9874-QLCLH
22,57.95,1271.8,0,0,0,0,0,0,0,1,0,0,Low,0377-JBKKT
70,64.95,4523.25,0,0,0,0,1,1,0,0,0,0,Low,8590-YFFQO
63,110.1,6705.7,0,1,0,0,1,1,0,0,1,1,High,4778-IZARL
71,83.2,6126.1,0,0,0,0,1,0,1,0,1,1,High,8200-LGKSR
24,19.9,533.5,0,0,1,1,0,0,0,1,0,0,Low,8194-PEEBY
36,94.8,3565.65,0,1,0,0,0,1,0,0,1,1,High,7982-VCELR
51,30.05,1529.45,0,0,0,0,0,1,0,0,0,0,Low,7740-KKCXF
12,67.25,832.3,0,0,0,0,0,0,1,0,0,0,Low,4672-FOTSD
29,84.3,2357.75,0,1,0,0,0,0,1,0,0,0,Low,5117-IFGPS
63,104.5,6590.8,0,1,0,1,0,1,0,0,1,1,High,0565-JUPYD
72,90.15,6716.45,0,0,0,0,1,0,0,0,1,1,High,5248-RPYWW
58,24.7,1519,0,0,1,0,1,1,0,0,0,0,Low,9661-JALZV
72,95.1,6843.15,0,1,0,0,1,0,1,0,1,1,High,7765-LWVVH
52,44.25,2276.1,0,0,0,1,0,0,0,0,0.16091954,0,Low,9746-YKGXB
26,88.8,2274.35,1,1,0,0,0,0,0,0,0,0,Low,0311-UNPFF
67,69.35,4653.25,0,0,0,1,0,1,0,0,0,0,Low,6332-FBZRI
32,93.95,2861.45,0,1,0,0,0,0,0,1,0.754545455,1,High,0111-KLBQG
72,20.5,1502.25,0,0,1,0,1,1,0,0,0,0,Low,1927-QEWMY
5,69.05,318.5,1,1,0,0,0,0,0,1,0,0,Low,8485-GJCDN
61,82.15,4904.85,0,1,0,0,0,0,1,0,1,1,High,4238-HFHSN
21,19.6,397,0,0,1,0,1,0,0,1,0,0,Low,7977-HXJKU
12,19.45,227.45,0,0,1,0,0,0,0,0,0,0,Low,2882-DDZPG
63,80.3,4896.35,0,1,0,0,0,1,0,0,1,1,High,2796-UUZZO
62,54.75,3425.35,0,0,0,1,0,1,0,0,0,0,Low,8050-XGRVL
44,56.25,2419.55,0,0,0,0,0,0,0,0,0.16091954,0,Low,6103-QCKFX
1,20.25,20.25,0,0,1,0,0,0,0,1,0,0,Low,0670-KDOMA
22,20.45,471.55,0,0,1,0,0,0,0,0,0,0,Low,4623-ZKHLY
2,69.3,153.8,0,1,0,0,0,0,1,0,0,0,Low,9799-CAYJJ
39,100.45,3801.7,0,1,0,0,1,0,1,0,1,1,High,1116-DXXDF
34,70,2416.1,1,1,0,0,0,1,0,0,0.16091954,0,Low,6641-XRPSU
6,80.8,457.1,0,1,0,0,0,0,1,0,0,0,Low,9957-YODKZ
60,50.8,3027.4,1,0,0,0,0,0,1,0,0,0,Low,5073-WXOYN
8,49.4,408.25,0,0,0,0,0,0,1,0,0,0,Low,5780-INQIK
51,59.3,3014.65,1,0,0,1,0,0,1,0,0,0,Low,5294-CDGWY
60,94.15,5811.8,0,1,0,1,0,0,0,0,1,1,High,1150-FTQGN
7,71.35,515.75,0,0,0,0,0,1,0,0,0,0,Low,1410-RSCMR
61,25,1498.35,0,0,1,0,1,1,0,0,0,0,Low,2481-SBOYW
50,104.95,5222.35,0,1,0,0,0,0,1,0,1,1,High,2786-GCDPI
17,19.9,323.15,0,0,1,1,0,0,0,0,0,0,Low,7279-NMVJC
4,54.3,195.3,1,0,0,0,0,0,1,0,0,0,Low,1260-TTRXI
11,20.55,184.95,0,0,1,1,0,0,0,1,0,0,Low,6924-TDGMT
54,89.8,4667,0,1,0,0,0,0,0,1,1,1,High,4402-FTBXC
23,90.15,2044.95,0,1,0,0,0,0,0,1,0.035714286,0,Low,9921-QFQUL
25,20.15,536.35,0,0,1,0,0,0,0,1,0,0,Low,2120-SMPEX
60,102.5,6157.6,0,1,0,1,0,0,0,0,1,1,High,0330-BGYZE
15,101.1,1504.05,1,1,0,0,0,0,1,0,0,0,Low,0680-DFNNY
1,79.7,79.7,1,1,0,0,0,0,1,0,0,0,Low,0495-RVCBF
37,78.95,2839.65,1,1,0,0,0,1,0,0,0,0,Low,7627-JKIAZ
72,99.9,7251.7,0,1,0,0,1,0,0,0,1,1,High,6234-RAAPL
68,89.05,6185.8,0,0,0,0,1,0,0,0,1,1,High,6369-MCAKO
15,93.35,1444.65,1,1,0,0,0,0,1,0,0,0,Low,0236-HFWSV
52,110.75,5832,0,1,0,0,0,0,1,0,1,1,High,1320-REHCS
42,50.25,2203.65,1,0,0,0,0,0,1,0,0.16091954,0,Low,3982-XWFZQ
53,77.4,4155.95,0,0,0,1,0,0,0,0,1,1,High,7247-XOZPB
55,89.8,4959.6,0,1,0,0,0,0,0,0,1,1,High,0058-EVZWM
1,50.9,50.9,1,0,0,0,0,0,0,1,0,0,Low,3946-MHCZW
69,116,8182.85,0,1,0,0,1,0,1,0,1,1,High,0106-UGRDO
11,64.9,716.1,0,0,0,0,0,0,1,0,0,0,Low,6652-YFFJO
15,85.3,1219.85,0,1,0,0,0,0,1,0,0,0,Low,6719-OXYBR
11,75.9,866.4,0,1,0,0,0,0,0,1,0,0,Low,5035-BVCXS
32,101.35,3334.9,0,1,0,0,0,0,1,0,1,1,High,2809-ZMYOQ
48,70.1,3238.4,0,0,0,0,1,1,0,0,0,0,Low,5696-JVVQY
3,76.05,231.8,1,1,0,0,0,0,1,0,0,0,Low,7576-OYWBN
24,56.25,1454.25,0,0,0,1,0,1,0,0,0,0,Low,7508-KBIMB
14,19.65,228.65,0,0,1,1,0,0,0,1,0,0,Low,3082-WQRVY
54,103.95,5639.05,1,1,0,1,0,0,0,0,0,0,Low,0877-SDMBN
57,71.1,4140.1,0,0,0,1,0,1,0,0,1,1,High,0533-UCAAU
18,50.3,908.75,0,0,0,0,0,0,0,1,0,0,Low,5366-OBVMR
72,110.75,7751.7,0,1,0,0,1,0,1,0,1,1,High,2272-WUSPA
23,99.95,2292.75,0,1,0,1,0,1,0,0,0,0,Low,3511-APPBJ
20,73.65,1463.5,1,1,0,0,0,0,1,0,0,0,Low,0947-MUGVO
31,20.9,689.35,0,0,1,0,1,1,0,0,0,0,Low,8174-LNWMW
15,64.65,994.55,1,0,0,0,0,0,0,0,0,0,Low,7459-RRWQZ
11,76.4,838.7,0,1,0,0,0,0,1,0,0,0,Low,3969-GYXEL
9,20.25,186.15,0,0,1,0,0,0,0,1,0,0,Low,6278-FEPBZ
8,65.5,573.15,0,0,0,0,0,0,0,0,0,0,Low,6854-EXGSF
8,25.5,215.2,1,0,0,0,0,0,0,1,0,0,Low,0420-BWTPW
52,72.95,3829.75,0,1,0,0,0,0,0,0,1,1,High,7693-QPEFS
6,54.85,355.1,0,0,0,0,0,0,1,0,0,0,Low,9332-GYWLO
30,74.65,2308.6,0,0,0,1,0,1,0,0,0.16091954,0,Low,4973-RLZVI
10,19.95,219.5,0,0,1,1,0,0,0,0,0,0,Low,0221-NAUXK
21,73.7,1558.7,0,1,0,0,0,0,1,0,0,0,Low,0491-KAPQG
33,100,3320.6,0,1,0,0,0,0,1,0,1,1,High,8709-KRDVL
26,98.65,2537,0,1,0,0,0,0,1,0,0.754545455,1,High,6559-PDZLR
3,19.1,52,0,0,1,0,1,0,0,1,0,0,Low,1407-DIGZV
33,88.95,3027.65,0,1,0,0,1,0,1,0,0.754545455,1,High,4622-YNKIJ
6,19.45,113.5,0,0,1,1,0,0,0,1,0,0,Low,0895-LNKRC
27,49,1291.35,0,0,0,0,0,0,0,1,0,0,Low,1666-JZPZT
1,69.25,69.25,1,1,0,0,0,0,1,0,0,0,Low,7206-GZCDC
11,82.9,880.05,0,1,0,0,0,0,1,0,0,0,Low,5701-YVSVF
59,110.15,6448.05,1,1,0,1,0,0,1,0,0,0,Low,2408-TZMJL
19,20.85,467.5,0,0,1,0,1,1,0,0,0,0,Low,3978-YNKDD
3,23.6,89.05,0,0,1,0,0,0,0,1,0,0,Low,7343-EOBEU
60,59.8,3561.15,0,0,0,1,0,0,0,1,0,0,Low,1752-OZXFY
34,116.15,3946.9,0,1,0,0,1,1,0,0,1,1,High,9695-IDRZR
67,43.9,3097.2,0,0,0,0,1,0,1,0,0,0,Low,9610-WCESF
58,86.1,4890.5,0,0,0,0,1,0,1,0,1,1,High,3259-QMXUN
32,85.65,2664.3,0,1,0,0,0,0,0,0,0.754545455,1,High,9944-AEXBM
6,91.1,455.3,1,1,0,0,0,0,1,0,0,0,Low,2672-HUYVI
45,62.55,2796.45,0,0,0,1,0,1,0,0,0,0,Low,9670-BPNXF
8,43.35,371.4,0,0,0,0,0,0,0,1,0,0,Low,2761-XECQW
8,70.7,553.4,0,1,0,0,0,0,0,0,0,0,Low,7967-HYCDE
62,43.7,2618.3,0,0,0,0,1,0,0,0,0,0,Low,7274-CGTOD
35,49.2,1701.65,0,0,0,0,0,0,1,0,0,0,Low,4950-BDEUX
27,20.05,552.9,0,0,1,1,0,1,0,0,0,0,Low,5849-ASHZJ
54,20.4,1090.6,0,0,1,0,1,1,0,0,0,0,Low,0040-HALCW
2,68.95,119.75,1,1,0,0,0,0,1,0,0,0,Low,6993-OHLXR
9,85.05,746.5,1,1,0,0,0,0,1,0,0,0,Low,2642-DTVCO
72,114.1,8086.4,0,1,0,0,1,1,0,0,1,1,High,9637-CDTKZ
23,25.1,611.45,0,0,1,0,1,0,0,1,0,0,Low,2808-CHTDM
26,78.8,2006.1,0,1,0,0,0,0,1,0,0,0,Low,9355-NPPFS
1,81.05,81.05,0,1,0,0,0,0,1,0,0,0,Low,2018-QKYGT
65,109.15,6941.2,1,1,0,0,0,0,1,0,0,0,Low,3571-RFHAR
8,84.5,662.65,1,1,0,0,0,0,0,0,0,0,Low,9367-WXLCH
71,100.2,7209,0,1,0,0,1,1,0,0,1,1,High,9028-LIHRP
71,90.3,6287.3,0,0,0,0,1,1,0,0,1,1,High,0730-BGQGF
28,64.4,1802.15,0,0,0,0,0,0,1,0,0,0,Low,1104-FEJAM
9,20.15,238.15,0,0,1,0,0,0,0,0,0,0,Low,2791-SFVEW
1,48.95,48.95,1,0,0,0,0,0,1,0,0,0,Low,6876-ADESB
68,105.75,7322.5,0,1,0,1,0,1,0,0,1,1,High,2056-EVGZL
18,20.45,357,0,0,1,0,0,0,0,1,0,0,Low,7010-ZMVBF
5,19.95,107.05,0,0,1,0,0,0,0,1,0,0,Low,6377-KSLXC
41,55.7,2237.55,0,0,0,0,0,0,0,0,0.16091954,0,Low,3413-CSSTH
64,19.55,1240.15,0,0,1,0,1,0,0,1,0,0,Low,2616-FLVQC
56,98.25,5508.35,1,1,0,1,0,0,1,0,0,0,Low,2929-QNSRW
42,79.35,3344.1,0,1,0,0,0,0,0,0,1,1,High,1307-TVUFB
2,85.55,187.45,1,1,0,0,0,0,1,0,0,0,Low,5277-ZLOOR
1,74.95,74.95,1,1,0,0,0,0,1,0,0,0,Low,1157-BQCUW
71,64.05,4492.9,0,0,0,0,1,1,0,0,0,0,Low,8619-IJNDK
48,104.5,5068.05,0,1,0,0,0,0,1,0,1,1,High,8552-OBVRU
5,69.75,324.6,1,1,0,0,0,0,1,0,0,0,Low,2058-DCJBE
1,19.3,19.3,0,0,1,0,0,1,0,0,0,0,Low,7926-IJOOU
1,85.8,85.8,1,1,0,0,0,0,0,1,0,0,Low,3049-NDXFL
13,19.95,253.8,0,0,1,1,0,0,1,0,0,0,Low,9522-ZSINC
63,75.55,4707.85,0,0,0,0,1,1,0,0,1,1,High,3795-GWTRD
41,20.15,802.35,0,0,1,0,1,0,0,1,0,0,Low,6000-UKLWI
71,100.5,7030.65,0,1,0,0,1,0,0,0,1,1,High,6463-HHXJR
9,69.05,651.5,0,1,0,0,0,0,1,0,0,0,Low,8990-ZXLSU
12,54.3,654.5,0,0,0,0,0,0,1,0,0,0,Low,1803-BGNBD
18,95.95,1745.5,0,1,0,0,0,1,0,0,0,0,Low,4647-MUZON
51,90.35,4614.55,0,1,0,1,0,1,0,0,1,1,High,1710-RCXUS
4,24.45,86.6,1,0,0,0,0,0,1,0,0,0,Low,5261-QSHQM
2,70.7,141.45,1,1,0,0,0,0,1,0,0,0,Low,8835-VSDSE
60,76.95,4543.95,0,0,0,0,1,0,0,0,1,1,High,2661-GKBTK
1,44.4,44.4,1,0,0,0,0,0,0,1,0,0,Low,6982-SSHFK
44,89.15,3990.75,0,1,0,1,0,1,0,0,1,1,High,9391-DXGGG
11,44.65,472.25,0,0,0,0,0,0,0,1,0,0,Low,9873-MNDKV
2,62.05,118.3,1,0,0,0,0,0,0,0,0,0,Low,4662-EKDPQ
2,46,84.5,1,0,0,0,0,1,0,0,0,0,Low,7841-TZDMQ
1,69.95,69.95,1,1,0,0,0,0,0,1,0,0,Low,3066-RRJIO
13,19.85,252,0,0,1,0,0,0,0,1,0,0,Low,0594-UFTUL
7,79.7,586.05,1,1,0,0,0,0,1,0,0,0,Low,6437-UKHMV
41,74.25,3089.1,0,1,0,0,0,0,1,0,1,1,High,8728-SKJLR
68,82.85,5776.45,0,0,0,0,1,0,0,0,1,1,High,3889-VWBID
35,19.15,638,0,0,1,1,0,0,0,1,0,0,Low,6016-NXBNJ
4,20.15,84.5,0,0,1,0,0,0,0,1,0,0,Low,4397-FRLTA
51,19.1,1007.8,0,0,1,1,0,0,1,0,0,0,Low,4163-HFTUK
19,20,377.55,0,0,1,0,0,0,1,0,0,0,Low,3011-WQKSZ
18,35.2,607.3,0,0,0,0,0,0,1,0,0,0,Low,6133-OZILE
72,116.75,8277.05,0,1,0,0,1,1,0,0,1,1,High,8628-MFKAX
38,19.6,717.3,0,0,1,0,0,0,1,0,0,0,Low,9313-CDOGY
27,49.85,1336.15,0,0,0,0,0,0,0,1,0,0,Low,4353-HYOJD
71,113.15,7953.25,0,1,0,1,0,0,0,0,1,1,High,9475-NNDGC
6,19.55,128.6,0,0,1,0,0,0,0,1,0,0,Low,1345-GKDZZ
51,75.2,3901.25,0,0,0,0,1,0,0,0,1,1,High,8630-QSGXK
72,103.2,7362.9,0,1,0,1,0,1,0,0,1,1,High,2234-XADUH
1,70.85,70.85,1,1,0,0,0,0,1,0,0,0,Low,1031-IIDEO
67,89.55,6373.1,0,1,0,0,0,0,0,0,1,1,High,9350-VLHMB
1,50.1,50.1,1,0,0,0,0,0,0,1,0,0,Low,4749-VFKVB
30,70.25,2198.9,0,0,0,1,0,0,0,0,0.16091954,0,Low,1137-DGOWI
61,115.1,7008.15,0,1,0,0,1,1,0,0,1,1,High,7017-VFHAY
65,111.05,7107,0,1,0,0,0,1,0,0,1,1,High,6067-NGCEU
1,19.5,19.5,0,0,1,0,0,0,0,1,0,0,Low,8566-YPRGL
33,91.25,2964.05,0,1,0,0,0,0,1,0,0.754545455,1,High,8849-AYPTR
24,89.85,2165.05,1,1,0,0,0,0,0,1,0,0,Low,8565-CLBZW
13,19.55,265.3,0,0,1,0,1,0,0,1,0,0,Low,0854-UYHZD
1,75.3,75.3,1,1,0,0,0,0,1,0,0,0,Low,9787-XVQIU
1,29.7,29.7,1,0,0,0,0,0,0,1,0,0,Low,9526-BIHHD
7,19.45,136.75,0,0,1,1,0,0,0,1,0,0,Low,1015-JPFYW
5,89.35,461.7,1,1,0,0,0,0,1,0,0,0,Low,8481-YYXWG
63,67.25,4234.15,0,0,0,0,1,0,0,1,0,0,Low,3796-ENZGF
9,74.55,622.9,1,1,0,0,0,0,1,0,0,0,Low,0709-TVGUR
2,19.65,38.8,0,0,1,0,0,0,0,1,0,0,Low,2640-LYMOV
1,75.55,75.55,0,1,0,0,0,0,1,0,0,0,Low,5043-TRZWM
15,19.4,289.3,1,0,1,0,0,0,0,0,0,0,Low,2223-KAGMX
26,90.1,2312.55,0,0,0,1,0,1,0,0,0,0,Low,0975-UYDTX
4,94.4,387.2,1,1,0,0,0,0,0,0,0,0,Low,9763-PDTKK
36,76.35,2606.35,0,0,0,1,0,0,0,1,0.754545455,1,High,0930-EHUZA
30,89.9,2723.15,0,1,0,0,0,1,0,0,0.754545455,1,High,4811-JBUVU
50,19.85,943.1,0,0,1,1,0,0,0,0,0,0,Low,9447-YPTBX
17,95.65,1640,0,1,0,0,0,0,0,0,0,0,Low,3853-LYGAM
42,66.5,2762.75,0,0,0,0,1,1,0,0,0,0,Low,4615-PIVVU
16,73.25,1195.75,0,1,0,0,0,0,0,0,0,0,Low,7916-VCCPB
65,95.45,6223.3,0,1,0,0,0,0,0,0,1,1,High,9776-OJUZI
23,66.25,1533.8,0,0,0,1,0,0,0,1,0,0,Low,9330-DHBFL
2,70.75,146.9,1,0,0,0,0,0,1,0,0,0,Low,3866-MDTUB
42,80.45,3375.9,0,0,0,1,0,1,0,0,1,1,High,4522-XRWWI
20,19.6,356.15,0,0,1,0,0,1,0,0,0,0,Low,8457-XIGKN
66,84,5714.25,0,0,0,0,1,0,0,1,1,1,High,7233-PAHHL
71,54.5,3778.2,0,0,0,0,1,0,0,0,0,0,Low,7688-AWMDX
28,54.3,1546.3,0,0,0,1,0,0,0,1,0,0,Low,3482-ABPKK
67,106.6,7244.7,0,1,0,1,0,0,0,0,1,1,High,6465-GSRCL
18,35,553,1,0,0,0,0,0,1,0,0,0,Low,6240-EURKS
62,97.95,5936.55,0,1,0,1,0,1,0,0,1,1,High,5268-DSMNQ
48,105.25,4997.5,0,1,0,0,0,1,0,0,1,1,High,6891-JPYFF
8,49.55,393.45,0,0,0,0,0,0,0,0,0,0,Low,3345-PBBFH
72,88.55,6362.35,0,0,0,0,1,1,0,0,1,1,High,7873-CVMAW
8,20.05,163.6,0,0,1,0,0,0,0,1,0,0,Low,2717-HVIZY
19,59.55,1144.6,0,0,0,0,0,0,1,0,0,0,Low,0228-MAUWC
36,74.9,2659.45,0,1,0,0,0,0,0,0,0.754545455,1,High,4948-WBBKL
63,109.2,7049.75,0,1,0,0,1,1,0,0,1,1,High,5574-NXZIU
44,77.55,3471.1,0,0,0,1,0,0,0,1,1,1,High,1121-QSIVB
6,59.45,357.6,0,0,0,0,0,0,1,0,0,0,Low,6218-KNUBD
71,107.5,7713.55,0,1,0,0,0,0,1,0,1,1,High,2615-YVMYX
58,110.65,6526.65,0,1,0,1,0,1,0,0,1,1,High,0409-WTMPL
70,79.7,5743.3,0,0,0,0,1,0,0,0,1,1,High,3486-HOOGQ
69,24.95,1718.35,0,0,1,0,1,1,0,0,0,0,Low,3148-AOIQT
10,20.45,242.4,0,0,1,1,0,0,0,1,0,0,Low,3724-BSCVH
8,83.55,680.05,1,1,0,0,0,0,1,0,0,0,Low,5949-XIKAE
1,20.05,20.05,1,0,1,0,0,0,0,0,0,0,Low,1349-WXNGG
5,53.85,259.8,1,0,0,0,0,1,0,0,0,0,Low,0870-VEMYL
63,71.9,4479.2,0,0,0,0,1,0,0,0,1,1,High,0674-GCDXG
1,19.65,19.65,0,0,1,0,0,0,0,1,0,0,Low,0970-QXPXW
18,73.55,1359.45,0,1,0,0,0,0,1,0,0,0,Low,0650-BWOZN
32,19.4,641.15,0,0,1,0,0,0,0,0,0,0,Low,6878-GGDWG
2,70.2,115.95,1,1,0,0,0,0,0,0,0,0,Low,2260-USTRB
15,75.3,1147.45,1,1,0,0,0,1,0,0,0,0,Low,8020-BWHYL
17,80.5,1336.9,0,1,0,0,0,0,0,0,0,0,Low,5453-AXEPF
51,94.65,4812.75,1,1,0,0,0,0,1,0,0,0,Low,5364-XYIRR
10,86.65,856.65,1,1,0,0,0,0,1,0,0,0,Low,7779-LGOVN
9,90.8,809.75,1,1,0,0,0,0,0,0,0,0,Low,9846-GKXAS
22,26.25,605.9,0,0,1,0,1,0,0,1,0,0,Low,4950-HKQTE
13,73.75,956.65,0,1,0,0,0,1,0,0,0,0,Low,4860-IJUDE
32,19.75,624.15,0,0,1,1,0,0,0,0,0,0,Low,2277-AXSDC
1,20.9,20.9,1,0,1,0,0,0,0,1,0,0,Low,7434-SHXLS
36,40.65,1547.35,0,0,0,0,1,1,0,0,0,0,Low,7665-NKLAV
19,65.35,1231.85,0,0,0,1,0,0,0,0,0,0,Low,0297-RBCSG
54,24.95,1364.75,0,0,0,0,0,0,0,0,0,0,Low,8904-OPDCK
4,55.3,238.5,0,0,0,0,0,0,0,1,0,0,Low,6402-EJMWF
2,84.05,134.05,0,1,0,0,0,0,1,0,0,0,Low,3489-HHPFY
5,51,286.8,0,0,0,0,0,0,0,1,0,0,Low,4256-ZWTZI
35,73,2471.25,0,0,0,1,0,0,1,0,0.754545455,1,High,2851-STERV
49,99.05,4853.75,1,1,0,0,0,0,0,0,0,0,Low,5536-RTPWK
11,19.65,225.75,0,0,1,0,1,0,0,1,0,0,Low,0486-LGCCH
44,19.5,835.5,0,0,1,1,0,1,0,0,0,0,Low,2122-SZZZD
72,115.15,8349.7,0,1,0,0,1,0,1,0,1,1,High,2380-DAMQP
1,45.4,45.4,0,0,0,0,0,0,0,1,0,0,Low,2275-RBYQS
47,40.3,1794.8,0,0,0,1,0,0,1,0,0,0,Low,1929-ZCBHE
72,94.65,6747.35,0,1,0,0,0,0,1,0,1,1,High,0129-KPTWJ
23,59.7,1414.2,0,0,0,0,1,0,0,1,0,0,Low,4500-HKANN
21,19.95,416.4,0,0,1,0,0,0,0,1,0,0,Low,3623-FQBOX
55,104.15,5743.05,1,1,0,1,0,0,1,0,0,0,Low,4088-YLDSU
71,89.3,6388.65,0,0,0,0,1,1,0,0,1,1,High,2194-IIQOF
26,86.65,2208.75,0,1,0,0,0,1,0,0,0,0,Low,8404-FYDIB
8,101.15,842.9,1,1,0,0,0,0,1,0,0,0,Low,0302-JOIVN
24,54.75,1338.15,1,0,0,0,0,0,1,0,0,0,Low,7619-ODSGN
1,48.55,48.55,1,0,0,0,0,0,0,1,0,0,Low,0322-YINQP
34,19.7,675.6,0,0,1,0,0,0,0,1,0,0,Low,3374-PZLXD
16,84.95,1378.25,1,1,0,0,0,0,1,0,0,0,Low,6127-ISGTU
6,19.85,119.3,0,0,1,0,0,0,0,1,0,0,Low,6164-HXUGH
18,33.6,550.35,0,0,0,0,0,0,0,1,0,0,Low,4712-AUQZO
6,98.25,560.6,1,1,0,0,0,0,1,0,0,0,Low,2446-BEGGB
71,61.4,4310.35,0,0,0,0,1,1,0,0,0,0,Low,3911-RSNHI
28,85.45,2289.9,0,1,0,0,0,0,1,0,0,0,Low,1785-BPHTP
8,86.55,649.65,1,1,0,0,0,0,1,0,0,0,Low,5229-PRWKT
11,99.55,1131.2,1,1,0,0,0,0,1,0,0,0,Low,2012-NWRPA
26,105.45,2715.3,0,1,0,0,1,0,1,0,0.754545455,1,High,0479-HMSWA
54,99.05,5295.7,0,1,0,0,0,1,0,0,1,1,High,5331-RGMTT
46,35.05,1620.25,0,0,0,0,0,0,0,0,0,0,Low,8741-LQOBK
17,91.85,1574.45,1,1,0,0,0,0,1,0,0,0,Low,4558-FANTW
21,58.85,1215.45,0,0,0,1,0,1,0,0,0,0,Low,5837-LXSDN
72,82.15,5784.3,0,0,0,0,1,0,0,0,1,1,High,2302-OUZXB
20,98.55,1842.8,1,1,0,0,0,0,1,0,0,0,Low,6683-VLCTZ
72,90.8,6511.8,0,1,0,0,1,1,0,0,1,1,High,5214-NLTIT
3,19.6,55.25,0,0,1,0,0,0,0,1,0,0,Low,6184-DYUOB
30,90.25,2755.35,1,1,0,0,0,0,1,0,0,0,Low,6032-KRXXO
34,71.55,2427.35,0,1,0,0,0,1,0,0,0.754545455,1,High,8910-LEDAG
1,69.75,69.75,1,1,0,0,0,0,0,0,0,0,Low,1084-UQCHV
44,68.85,2958.95,0,1,0,0,0,1,0,0,0,0,Low,9142-KZXOP
16,54.1,889,0,0,0,0,0,0,1,0,0,0,Low,3351-NGXYI
24,89.55,2259.35,0,1,0,0,0,0,1,0,0,0,Low,5666-CYCYZ
7,71.05,472.65,0,1,0,0,0,0,1,0,0,0,Low,1077-HUUJM
29,78.9,2384.15,1,1,0,0,0,0,1,0,0,0,Low,6311-UEUME
72,115.5,8312.75,0,1,0,0,1,0,0,0,1,1,High,9298-WGMRW
40,74.55,3015.75,0,0,0,0,0,0,1,0,0.754545455,1,High,2985-JUUBZ
3,29.6,79.45,1,0,0,0,0,0,1,0,0,0,Low,3538-WZPHD
1,20.4,20.4,0,0,1,1,0,0,0,1,0,0,Low,2239-CFOUJ
59,75.95,4542.35,0,0,0,0,1,1,0,0,1,1,High,0604-THJFP
20,90.8,1951,1,1,0,0,0,0,1,0,0,0,Low,1891-UAWWU
61,68.05,4158.25,0,0,0,0,1,0,0,0,0,0,Low,6897-RWMUB
30,91.7,2758.15,1,1,0,0,0,1,0,0,0,0,Low,2684-EIWEO
20,18.9,347.65,0,0,1,0,0,1,0,0,0,0,Low,5025-GOOKI
46,30.3,1380.1,1,0,0,0,0,0,0,0,0,0,Low,1322-AGOQM
3,70.3,235.5,1,1,0,0,0,0,1,0,0,0,Low,6168-WFVVF
17,55.5,934.15,0,0,0,0,0,1,0,0,0,0,Low,5206-HPJKM
1,19.9,19.9,1,0,1,0,0,0,1,0,0,0,Low,2320-JRSDE
52,20.65,1022.95,0,0,1,1,0,0,0,1,0,0,Low,8191-XWSZG
69,90.65,6322.1,0,0,0,0,1,0,0,1,1,1,High,8413-YNHNV
20,71.3,1389.2,1,1,0,0,0,1,0,0,0,0,Low,6927-WTFIV
2,44.5,90.05,0,0,0,0,0,0,1,0,0,0,Low,7729-JTEEC
8,75.25,576.7,0,1,0,0,0,0,1,0,0,0,Low,3199-XGZCY
29,100.55,2830.45,0,1,0,1,0,1,0,0,0.754545455,1,High,7663-ZTEGJ
68,84.7,5711.05,0,1,0,0,1,0,0,0,1,1,High,7570-WELNY
2,80.2,181.1,1,1,0,0,0,0,1,0,0,0,Low,8086-OVPWV
41,51.35,2075.1,0,0,0,1,0,0,1,0,0.035714286,0,Low,8190-ZTQFB
15,51.55,765.5,1,0,0,0,0,0,1,0,0,0,Low,3426-NIYYL
2,80.25,144.55,1,1,0,0,0,0,1,0,0,0,Low,9689-PTNPG
13,88.35,1222.8,1,1,0,0,0,0,1,0,0,0,Low,3143-JQEGI
1,19.3,19.3,1,0,1,0,0,0,1,0,0,0,Low,0761-AETCS
71,114,8175.9,0,1,0,0,1,0,0,0,1,1,High,3726-TBHQT
28,110.85,3204.4,0,1,0,0,0,0,1,0,1,1,High,6030-REHUX
20,88.7,1761.45,1,1,0,0,0,0,1,0,0,0,Low,5366-IJEQJ
30,100.45,3096.9,0,1,0,0,0,0,1,0,1,1,High,4998-IKFSE
59,69.1,4096.9,0,0,0,1,0,0,0,1,0,0,Low,0872-CASZJ
42,106.15,4512.7,1,1,0,0,0,0,0,0,0,0,Low,7599-FKVXZ
18,49.85,865.75,0,0,0,0,0,1,0,0,0,0,Low,5651-WYIPH
8,54.75,438.05,0,0,0,0,0,1,0,0,0,0,Low,5515-RUGKN
30,83.55,2570.2,0,1,0,0,0,0,0,0,0.754545455,1,High,5060-TQUQN
25,25.4,546.85,0,0,1,0,0,0,0,0,0,0,Low,8815-LMFLX
53,60.6,3297,0,0,0,1,0,1,0,0,0,0,Low,9640-ZSLDC
19,45,865.85,0,0,0,0,0,0,0,0,0,0,Low,2828-SLQPF
67,20.55,1343.4,0,0,1,1,0,0,1,0,0,0,Low,0052-YNYOT
48,111.45,5315.1,0,1,0,0,0,0,0,0,1,1,High,7130-YXBRO
38,20.05,678.2,0,0,1,1,0,0,0,1,0,0,Low,5380-XPJNZ
32,96.2,3183.4,1,1,0,0,0,0,1,0,0,0,Low,0963-ZBDRN
56,24.8,1424.2,0,0,1,0,1,0,0,1,0,0,Low,8626-XHBIE
16,93.2,1573.7,1,1,0,0,0,1,0,0,0,0,Low,7562-GSUHK
72,19.7,1379.8,0,0,1,0,1,1,0,0,0,0,Low,6928-ONTRW
15,99.1,1426.4,1,1,0,0,0,1,0,0,0,0,Low,9420-LOJKX
19,59.8,1130.85,0,0,0,0,0,0,0,1,0,0,Low,5438-QMDDL
19,86,1532.45,1,1,0,0,0,0,0,0,0,0,Low,9866-QEVEE
48,19.25,855.1,0,0,1,0,1,0,0,1,0,0,Low,6425-JWTDV
46,19.75,856.5,0,0,1,0,1,1,0,0,0,0,Low,9975-GPKZU
30,99.7,2967.35,1,1,0,0,0,0,1,0,0,0,Low,6543-XRMYR
4,97.95,384.5,1,1,0,0,0,0,1,0,0,0,Low,6108-OQZDQ
27,70.55,1943.9,0,1,0,0,0,0,1,0,0,0,Low,9365-SRSZE
65,59.95,3921.1,0,0,0,0,1,1,0,0,0,0,Low,8316-BBQAY
24,40.65,933.3,1,0,0,0,0,1,0,0,0,0,Low,9381-NDKME
3,91.05,289.1,1,1,0,0,0,0,1,0,0,0,Low,1389-CXMLU
2,75.55,166.3,1,1,0,0,0,0,1,0,0,0,Low,7817-BOQPW
9,89.45,853.1,1,1,0,0,0,0,1,0,0,0,Low,7394-FKDNK
35,102.35,3626.1,1,1,0,1,0,0,0,0,0,0,Low,0520-FDVVT
71,90.1,6310.9,0,0,0,0,1,0,1,0,1,1,High,2400-XIWIO
16,80.55,1248.9,0,1,0,0,0,0,0,1,0,0,Low,1384-RCUXW
31,20.45,638.55,0,0,1,0,1,0,0,1,0,0,Low,5124-EOGYE
47,63.8,3007.25,0,0,0,0,1,0,0,0,0,0,Low,7771-CFQRQ
